N,SMILES,y
1,CC1=CC[C@H]2C[C@@H]1C2(C)C,11.6954333
2,CC1(C)[C@@H]2C[C@H]1C(=C)CC2,12.3
3,COC(=O)C(C)OC1=CC=C(OC2=CC=C(Cl)C=C2Cl)C=C1,94.1
5,CCCCCCCCCCCCCC(=O)OCC(O)CO,38.1
6,CC(=O)O[C@@H]1C[C@@H]2CC[C@@]1(C)C2(C)C,11.8
7,CCCCCCCCCC=CCC1CC(=O)OC1=O,98.4
8,CCC/C=C/C=O,52.2
11,CC[C@H](C)[C@H](N1SC2=CC=CC=C2C1=O)C(O)=O,13.58586716
12,CC1=NN(CO)C(C)=C1,32.8
13,CC/C=C\CCOC(C)=O,14.0
14,CCCCC/C=C\CCC=O,69.6
15,C/C=C/C=C/CCCCCCCO,61.9
16,CCCCCC[C@@H](O)C/C=C\CCCCCCCC(O)=O,88.58071115
17,OCCOC(=O)C(C)=C.C12C3C(C(C1)CC2)C=CC3,75.5
18,Cl/C=C/Cl,3.066264674
20,C[C@H](CCO)CCC=C(C)C,38.8
21,CC/C=C\CCO,19.0
23,CC1=C(C)C(NC2=NC(SCC(O)=O)=NC(Cl)=C2)=CC=C1,94.3
24,ClC(Cl)C(C1=CC=C(Cl)C=C1)C2=C(Cl)C=CC=C2,28.0
27,CC1(C)N(CO)C(=O)NC1=O,3.9
28,COC1=CC2=C(C=C1)N(C(=O)C3=CC=C(Cl)C=C3)C(C)=C2CC(O)=O,101.7
29,CCO[Si](CCCNC(N)=O)(OCC)OCC,-29.5
30,CC(O)CN,5.5
31,NC1=C(Cl)C=C(C=C1Cl)[N+]([O-])=O,99.77857893
32,CC1(C)N(Br)C(=O)N(Cl)C1=O,33.5
33,FC1=CC=C(Br)C=C1,12.76293436
35,FC(F)(F)C1=CC=C(Cl)C=C1,8.9
36,[O-][N+](=O)C1=CC=C(Cl)C=C1,28.0
37,CCCCCCCCCCN,10.1
38,CCCCCCCCCCO,69.5
39,CCCCCCCCCCCCS,5.1
40,CCCCCCCCCCCCO,71.3
41,CCCCCCCCCCCCN1CCCC1=O,29.7
42,CCOCC(C)O,3.0
44,CCCCCCCCCCCCCCCCO,-22.4
45,CCCCCCO,10.5
46,COCC(C)O,7.9
47,CCC(C)(C)C1CCC(CC1)OC,34.2
48,CN1C=C(C(=O)C(=C1)C2=CC(=CC=C2)C(F)(F)F)C3=CC=CC=C3,23.8
49,CC1=C2C=CC=CC2=CC=C1,24.8
51,CCCCCCCCCCCC(=O)OCC(O)CO,52.4
52,OC(=O)CC1=C2C=CC=CC2=CC=C1,63.0
53,OC1=CC=CC2=CC=CC=C12,90.3
55,CCCCCCCCO,35.1
56,CCCCCC(O)C=C,14.7
57,CCCCCCCCN1CCCC1=O,19.5
58,CCCCCCCCCCCCCCCO,-12.10962915
59,CC(O)COC1=CC=CC=C1,9.9
60,O=C1C=CC(=O)N1C2=CC=CC=C2,55.0
62,NC(=O)NC1=CC=CC=C1,11.8
63,OCCN1CCNCC1,6.568734364
65,CCCOCC(C)O,6.4
67,CCCCCCCCCCCCC=C,9.6
68,CCCCCCCCCCCCCO,46.3
69,CC(C1=CC=C(C)C(C)=C1)C2=CC=C(C)C(C)=C2,41.1
70,CN(C)N,17.1907829
71,[Cl-].C[N+]1(C)CCCCC1,27.50852547
72,C[SiH](O[Si](C)(C)C)O[Si](C)(C)C,10.6
73,CC(O)CN(CCN(CC(C)O)CC(C)O)CC(C)O,3.3
74,C1=CC2=C(N=C1)C3=C(C=CC=N3)C=C2,46.1
75,O=CC1=CC=CC=C1C=O,98.0
76,CC(C)CCCCCCCOC(=O)C1=CC=CC=C1C(=O)OCCCCCCCC(C)C,-5.7
77,O(C[C@@H]([C@H](CCC)CC)CCC)C(=O)C=1C(C(OCCCCCCCCCCCC)=O)=CC=CC1,6.1
78,OC1=C(O)C=CC=C1,34.4
79,BrCCBr,13.4
80,FC(F)(F)C1=CC=C(Cl)C(Cl)=C1,8.3
81,ClC1=C(Cl)C=CC=C1,20.8
82,CC1=CC=CC(=C1C)[N+]([O-])=O,56.0
84,[O-][N+](=O)C1=C(C=CC=C1)[N+]([O-])=O,60.9
85,C(COC1=CC=CC=C1)OC2=CC=CC=C2,23.4
86,O=C(CC1=CC=CC=C1)C2=CC=CC=C2,63.1
88,I.I.NCCN,13.4
90,CCCCOC(CC)O,10.2
91,CC(O)CO,-6.8
93,ClCC(Cl)CCl,10.70079458
94,O=C1NC(=O)C2CC=CCC12,5.3
95,ClC1=CC(Cl)=C(Cl)C=C1,7.5
96,CC1=CC(C)=C(C)C=C1,17.8
97,ClC1=CC(Cl)=C(Cl)C=C1Cl,1.5
98,CC1=CC(C)=C(C)C=C1C,14.1
99,ClC(=O)C1=CC(=CC=C1)C(Cl)=O,36.8
101,NCC1=CC(CN)=CC=C1,-4.52199394
102,CC(O)CCO,-5.8
103,C1C=CC=C1,10.9
105,OC(CCl)CCl,1.731827396
106,Cl.ClC1=CC2=C(CN3CCCCCC3=N2)C(Cl)=C1,8.2
107,ClC1=CC(Cl)=CC=C1,6.5
108,CC(C)C1=CC(=CC=C1)C(C)C,21.53852357
110,OCNC(=O)NCO,13.3282559
111,[O-][N+](=O)C1=CC(=CC=C1)[N+]([O-])=O,11.1
112,O=C(CC(=O)C1=CC=CC=C1)C2=CC=CC=C2,71.3
114,CCN1CN(CC)CN(CC)C1,0.2
115,CC(C)C1=CC(=CC(=C1)C(C)C)C(C)C,-31.8
116,C[Si]1(O[Si](C)(O[Si](C)(O[Si](C)(O1)C=C)C=C)C=C)C=C,99.7
117,NC1=CC=C(N)C=C1,108.1
119,OC(=O)C1CCC(CC1)C(O)=O,20.8
120,NC1=CC=C(N)C2=C1C(=O)C3=CC=CC=C3C2=O,69.5
121,ClC1=CC=C(Cl)C=C1,-12.7
122,CC1=CC=C(C)C2=C1C=CC=C2,55.0
123,C\1C/C=C/CC/C=C/CC/C=C1,10.5
124,NCCCCCCN,-5.1
125,CC12CCC(CC1)C(C)(C)O2,12.9
126,OC(=O)CCCCCCCCC=C,92.6
127,CCCCCC(=O)O[C@@]1(CC[C@H]2[C@@H]3CCC4=CC(=O)CC[C@]4(C)[C@H]3CC[C@]12C)C(C)=O,29.0
128,C[C@]12CC[C@H]3[C@@H](CCC4=C3C=CC(O)=C4)[C@@H]1CC[C@H]2O,46.8
129,C12CC[C@@](O)(C#C)[C@@]1(C)CCC3C4=C(CCC23)C=C(O)C=C4,87.9
130,CC(=O)[C@@]1(O)CC[C@H]2[C@@H]3CCC4=CC(=O)CC[C@]4(C)[C@H]3CC[C@]12C,13.9
131,C12CC[C@H](O)[C@@]1(C)CCC3C4=CC=C(O)C=C4CCC23,55.8
133,CCCCOCCOCCO,8.7
135,CCCCC(CC)COCCO,27.39115415
138,CC1=C(OCC(O)=O)C=CC(Cl)=C1,79.4
139,O=CC(CC1=CC=C(C(C)(C)C)C=C1)C,78.93843029
141,CCNCCO,5.4
142,OCC(CO)(CO)[N+]([O-])=O,11.44086022
143,CC(OC1=CC(Cl)=CC=C1)C(O)=O,38.8
144,OCCC(F)(F)C(F)(F)C(F)(F)C(F)(F)C(F)(F)C(F)(F)F,56.8
145,CC(=C)C(=O)OCCC(F)(F)C(F)(F)C(F)(F)C(F)(F)C(F)(F)C(F)(F)F,9.4
147,S1C=2C(N=C1SC(SC#N)([H])[H])=C(C(=C(C2[H])[H])[H])[H],96.1798647
149,CCOCCOCCOCCO,6.6
150,COCCOCCOCCO,6.1
151,CC(C)(CS(O)(=O)=O)NC(=O)C=C,1.340730467
153,COC1=CC=CC=C1N,52.25730398
154,OC1=CC=C(C=C1)C(=O)CBr,104.3
155,CCC(C)=NO,-0.8
156,CCCCOCCOC(C)=O,8.3
158,OCC#CCO,11.1
159,ClC=1C=C(C2=CC=CC=C2)C=CC1O,105.7
160,ClCC(=O)NC1=CC=CC=C1,27.63407157
161,ClCC=O,8.7
162,ClCC(=O)C1=CC=CC=C1,26.0
163,OCCCl,10.2
164,CCOCCO,-23.54424203
165,CCCCC(CC)CO,8.6
166,CCCC(O)C(CC)CO,5.3
167,CCCC=C(CC)C=O,23.2
168,CCC1=CC=CC(C)=C1N,30.3
169,CCCCC(CC)C=O,5.541245624
170,CCCCC(CC)C(O)=O,-8.2
171,CCCCC(CC)COC(=O)C1=CC=C(C=C1)N(C)C,45.81324631
172,CCCCC(CC)COC(C)=O,10.1
174,CCCCC(CC)COP(=O)(OC1=CC=CC=C1)OC2=CC=CC=C2,53.1
176,CCCCC(CC)COC(=O)CS,58.7
178,CCC1=C(O)C=CC=C1,68.1
179,OC(=O)CF,23.34705993
180,CCCCCC(C)=O,13.4
181,CCCCCCCCC(CO)CCCCCC,27.78831504
182,CC(C)(O)C#N,17.39541759
183,COC1=CC=C(C(=O)C2=CC=CC=C2)C(O)=C1,98.3
184,CC(=O)C1=CC=CC=C1O,19.1
186,OCCOC(=O)C=C,17.1
187,CCCCCCCCSCCO,75.0
188,CC(C)C1=C(O)C=CC=C1,85.84807142
189,SC1=NC2=C(S1)C=CC=C2,101.0
190,COC1=CC(=CC=C1N)[N+]([O-])=O,98.78113243
191,COC1=CC=C(C)C=C1N,37.4
192,COCCO,23.3
193,COC1=C(O)C=CC=C1,52.3
194,CC(O)CC(C)(C)O,13.1
195,CC1=C(N)C=CC=C1,30.1
196,Cl.CC1=CC=CC=C1N,39.0
197,CCC(C)COC(=O)CC(C)C,1.6
198,CC(CCC#N)C#N,0.2
199,CC(C)C#N,4.9
200,NC1=CC=CC=C1[N+]([O-])=O,95.2
202,O=C1OC(=O)C2C3CC(C=C3)C12,5.296084208
204,CCCCCCCCCCC(CO)CCCCCCCC,14.0
205,CCCC(C)=O,11.9
206,OCCOC1=CC=CC=C1,3.3
207,OCCC1=CC=CC=C1,7.4
208,O=C(OCCC1=CC=CC=C1)C2=CC=CC=C2,91.9
209,OC1=C(C=CC=C1)C2=CC=CC=C2,91.7
210,CCCOCCO,3.0
212,O=C1CCCN1,13.1
213,CCC(C)C1CCCCC1=O,9.9
214,CCC1=CC(=C(O)C=C1)C(C)(C)C,87.9
215,CC1=CC(O)=C(C=C1)C(C)(C)C,66.2
216,CC(C)(C)C1=C(O)C=CC=C1,68.2942369
217,CCCCCCCCCC(C)=O,15.8
218,NC(=O)C(Br)(Br)C#N,25.8
220,CC(C)(CO)CO,13.95437747
223,OC1=C(CC2=C(O)C=CC=C2)C=CC=C1,100.9
224,CC1=CC(CC2=CC(C)=CC(=C2O)C(C)(C)C)=C(O)C(=C1)C(C)(C)C,52.3
225,CCC1=CC(CC2=C(O)C(=CC(CC)=C2)C(C)(C)C)=C(O)C(=C1)C(C)(C)C,39.3
226,CC(C)(C1=CC(Cl)=C(O)C(Cl)=C1)C2=CC(Cl)=C(O)C(Cl)=C2,105.2
227,O1C=CC2=C1C=CC=C2,24.42513756
229,CC1=C(C)C(O)=CC=C1,67.6
230,CC1=CC=CC(=C1[N+]([O-])=O)[N+]([O-])=O,58.0
232,CC(C)(C1=CC=CC=C1)C2=CC(=C(O)C=C2)C(C)(C)C3=CC=CC=C3,97.6
233,CC(C)NC1=NC(NC(C)C)=NC(Cl)=N1,30.1
234,CCCCOC(=O)COC1=C(Cl)C=C(Cl)C=C1,80.36463566
235,ClC1=C(OCC([O-])=O)C=CC(Cl)=C1.[Na+],90.5
236,CCCCOCCOC(=O)COC1=C(Cl)C=C(Cl)C=C1,71.8
238,CC(C)(C)C1=CC(=C(O)C=C1)C(C)(C)C,95.10694813
240,C1=CC(=C(C=C1Cl)Cl)OCC(=O)O,86.7
241,OC(=O)CCCOC1=CC=C(Cl)C=C1Cl,99.4
242,OC1=CC=C(C(=O)C2=CC=CC=C2)C(O)=C1,107.0
244,OC1=C(C=C(C=C1)[N+]([O-])=O)[N+]([O-])=O,108.4
245,CC1=C(C=C(C=C1)[N+]([O-])=O)[N+]([O-])=O,74.7
246,OC1=C(Cl)C=C(Cl)C(Cl)=C1,103.4
247,OC(=O)COC1=C(Cl)C=C(Cl)C(Cl)=C1,97.1
248,OC1=C(Br)C=C(Br)C=C1Br,105.0
249,OC1=C(Cl)C=C(Cl)C=C1Cl,100.0
250,CC1=CC(C)=C(C(O)=O)C(C)=C1,35.7
251,CC1=CC(C)=C(O)C(C)=C1,81.7
252,C=CCOC1=NC(OCC=C)=NC(OCC=C)=N1,29.3
254,OC1=CC(Cl)=CC=C1Cl,105.0
255,CC(C)(C)OOC(C)(C)CCC(C)(C)OOC(C)(C)C,10.0
256,CC1=CC=C(C)C(=C1)S(O)(=O)=O,41.54081266
257,CC1=CC(O)=C(C)C=C1,75.15746097
258,CC(C)(C)C1=CC=CC(=C1O)C(C)(C)C,30.0
259,ClC1=CC=CC(Cl)=C1C#N,77.7
260,CCC1=CC=CC(CC)=C1N,16.2
262,CC(C)CCCC(C)(C)O,12.51616822
263,CC1=CC=CC(C)=C1N,43.11033884
265,CC1=C(C=CC=C1[N+]([O-])=O)[N+]([O-])=O,62.33371891
270,CN(C)CCCN,11.3
273,CCO[Si](CCCN)(OCC)OCC,-19.3
276,OCC(O)CCl,13.82537201
277,CC1=C(Cl)C=C(N)C=C1,77.07181467
278,CCC1=CC=CC(O)=C1,59.3
279,OC1=CC2=C(CC3=CC=CC=C23)C=C1,85.3
281,CC(C)C1=CC=CC(O)=C1,78.9
282,CC1=CC(N)=CC=C1,22.97129385
283,CC(C)CCOC(C)=O,-18.7
284,CC1=CC=CN=C1,21.72913313
285,CC1=CC(=CC=C1)[N+]([O-])=O,30.1
287,COCCOCCC[Si](C)(O[Si](C)(C)C)O[Si](C)(C)C,33.6
289,OC(=O)C1=CC(OC2=CC=CC=C2)=CC=C1,98.8
290,OCC=CC1=CC=CC=C1,23.72947381
291,CCCC(CC)C1=CC=CC=C1,8.8
292,N#CC1=CN=CC=C1,5.5
293,CC(C)(C)C1=CC=CC(O)=C1,81.7
294,CC1CC(O)CC(C)(C)C1,9.8
295,CC1CC(CC(C)(C)C1)OC(=O)C2=C(O)C=CC=C2,68.6
296,CC1=CC(=CC=C1N)C2=CC=C(N)C(C)=C2,105.7
297,Cl.Cl.CC1=C(N)C=CC(=C1)C2=CC(C)=C(N)C=C2,107.7
298,CC(C)(C1=CC(Br)=C(O)C(Br)=C1)C2=CC(Br)=C(O)C(Br)=C2,105.8
301,C1COC=CC1,12.7
303,NC1=CC(Cl)=CC(Cl)=C1,93.5
306,CC(CCO)CC(C)(C)C,28.5
307,CC(CCOC(C)=O)CC(C)(C)C,10.05837449
308,CCCCOCCOCCOCCOCCO,5.2
309,CC(C)=CCCC(C)=CC=O,33.5
310,CCC(C)(O)CCCC(C)C,11.3
311,CCC(C)(CCCC(C)C)OC(C)=O,9.6
312,CC1=CN([C@H]2C[C@H](N=[N+]=[N-])[C@@H](CO)O2)C(=O)NC1=O,2.0
313,CC(C)(C)C1=CC=C(O)C=C1,67.1
314,CC(C)(C)CC(C)(C)C1=CC=C(O)C=C1,94.7
316,CCC(C)(C)C1=CC=C(O)C=C1,91.2
318,CC(=O)C=CC1=C(C)CCCC1(C)C,19.8
319,ClC1=CC=C(CCC(CN2C=NC=N2)(C#N)C3=CC=CC=C3)C=C1,22.8
320,CCC(C)C1=CC=C(O)C=C1,97.5
322,CCC(C)(C)C1CCC(=O)CC1,19.8
323,NN1C=NN=C1,4.6
324,NC1=CC=C(C=C1)C(O)=O,-5.9
326,CCOCN1C(=C(C#N)C(Br)=C1C(F)(F)F)C2=CC=C(Cl)C=C2,94.6
327,BrC1=CC=C(OC(=O)N2CCN3CCC2CC3)C=C1,-2.65643261
329,CCCCC1=CC=C(Cl)C=C1,15.3
331,CCCCOC1=CC=C(N)C=C1,61.68164509
333,CN(C)S(=O)(=O)N1C(=NC(Cl)=C1C2=CC=C(C)C=C2)C#N,103.3
335,ClC1=C(C(=C(O[H])C(=C1[H])[H])[H])C([H])([H])[H],85.8
337,NC1=CC=C(Cl)C=C1,47.91314244
338,ClC1=CC=C(C=C1)C(Cl)(Cl)Cl,98.8
340,OC1=CC=C(Cl)C=C1,55.3
341,OC(=O)COC1=CC=C(Cl)C=C1,34.8
342,NC(=O)NC1=CC=C(Cl)C=C1,19.0
343,CC(C)(C1=CC=CC=C1)C2=CC=C(O)C=C2,103.1
344,OC1CCC(CC1)C2CCCCC2,82.66215692
345,O=C1CCC(CC1)C2CCCCC2,53.6
346,CCCCCCCCCCCCN1CCOCC1,38.8
347,CCCCCCCCCCCCC1=CC=C(O)C=C1,100.3
348,CCOC1=CC=C(N)C=C1,7.8
349,CCC1COC(=O)O1,15.2
354,CCCCCCOC1=CC=C(N)C=C1,94.7
356,CC(=O)C1=CC=C(O)C=C1,36.7
357,OC(=O)C1=CC=C(O)C=C1,84.3
358,CCC(=C(C1=CC=C(O)C=C1)C2=CC=C(OCCN(C)C)C=C2)C3=CC=CC=C3,4.826103947
359,CC(C)C1=CC=C(O)C=C1,73.2
360,COC1=CC=C(C=O)C=C1,25.0
361,COC1=CC=C(O)C=C1,21.41267072
362,CC(C)CC(C)O,12.0
364,CN1CCOCC1,19.68054397
365,CC(C)=CC(C)=O,34.8
366,CC1=CC=C(C=C)C=C1,13.0
367,NCCCN1CCOCC1,7.328752215
369,OC(=O)C1=CC=C(C=C1)[N+]([O-])=O,29.1
370,OC1=CC=C(C=C1)[N+]([O-])=O,103.0
371,O=NC1=CC=C(NC2=CC=CC=C2)C=C1,108.9
372,CC1=CC=C(C=C1)[N+]([O-])=O,18.0
373,CCCCCCCCCC1=CC=C(O)C=C1,89.2
374,CC(C)CCCCCCC1=CC=C(O)C=C1,104.2
375,CCCCCCCCC1=CC=C(O)C=C1,102.5
376,CCCCCC1=CC=C(N)C=C1,89.4
377,OC1=CC=C(C=C1)C2=CC=CC=C2,100.9
378,CCCC1=CC=C(N)C=C1,35.16247601
380,CCCC1CCC(=O)CC1,34.9
382,CC(C)(C)C1=CC=C(N)C=C1,26.7
383,CC(C)(C)C1=CC=C(S)C=C1,37.9
385,CC(C)(C)C1CCC(=O)CC1,7.2
386,CC(C)(C)C1=CC=C(OC(=O)C2=C(O)C=CC=C2)C=C1,45.7
387,CC1=CC=C(C=C1)C(C)(C)C,8.8
389,CC1=CC=C(C=C1)S(N)(=O)=O,12.8
390,C1OC1C2CCC3OC3C2,8.2
391,CC(CCC(O)=O)(C1=CC=C(O)C=C1)C2=CC=C(O)C=C2,43.3
393,C1=CC(=CC=N1)C2=CC=NC=C2,36.58913468
394,CC(C)(C)C1=CC=C(C=C1)C2=CC=C(C=C2)C(C)(C)C,6.1
395,NC1=CC=C(CC2=CC=C(N)C=C2)C=C1,75.3
396,ClC1=CC=C(C=C1)S(=O)(=O)C2=CC=C(Cl)C=C2,32.24124406
397,O1CCN(CC1)SSN2CCOCC2,80.8
399,CCC1=CC(CC2=CC(CC)=C(N)C(CC)=C2)=CC(CC)=C1N,43.36185941
400,CN(C)C1=CC=C(CC2=CC=C(C=C2)N(C)C)C=C1,46.2
401,CC1=C(N)C=CC(CC2=CC(C)=C(N)C=C2)=C1,96.5
402,NC1=CC=C(OC2=CC=C(N)C=C2)C=C1,90.0
404,OC1=CC=C(C=C1)S(=O)(=O)C2=CC=C(O)C=C2,87.7
405,CC(C1=CC=C(O)C=C1)(C2=CC=C(O)C=C2)C3=CC=C(O)C=C3,100.2
407,ClC1=C(Cl)C(=O)SS1,106.6
409,CC1=C(O)C(=CC(=C1)[N+]([O-])=O)[N+]([O-])=O,109.9
410,CN1SC(Cl)=CC1=O,11.55946256
412,CCC1(C)NC(=O)NC1=O,10.6
414,FC1=CNC(=O)NC1=O,14.1
417,COC1=C(N)C=C(C=C1)[N+]([O-])=O,69.0
418,CC1(C)NC(=O)N(C1=O)C2=CC(=C(C=C2)[N+]([O-])=O)C(F)(F)F,3.0
419,CC1(C)NC(=O)NC1=O,9.7
420,O=C1NC(=O)C(N1)(C2=CC=CC=C2)C3=CC=CC=C3,24.1
421,C12CC[C@H](O)[C@@]1(C)CCC3C2CCC4CC(=O)CC[C@]34C,20.9
422,OC1=CC2=CC=C(SSC3=CC4=CC=C(O)C=C4C=C3)C=C2C=C1,100.1
423,CC1=CC(=O)NC(=S)N1,16.6
424,CC1=CC2=CC=CN=C2C=C1,43.1
426,NC1=NC2=C(NC=N2)C(=S)N1,11.88592199
427,[Na+].CCCCC(CC)CCC(CC(C)C)OS([O-])(=O)=O,103.0
429,[K+].CC1=CC(=O)[N-]S(=O)(=O)O1,24.0
431,CC(=O)NC1=CC=C(O)C=C1,-15.9
434,[Na+].CC1=C(OCC([O-])=O)C=CC(Cl)=C1,85.1
435,CCC(CC)C(C)CCOC(=O)C,12.3
436,CCOCN(C(=O)CCl)C1=C(CC)C=CC=C1C,51.4
437,CC(=O)C1=CC=CC=C1,19.5
439,C12C[C@@]3(CC(C(C)=O)=C1C)[C@H](C)CCC3C2(C)C,17.7
440,CSC(=O)C1=CC=CC2=C1SN=N2,72.2
441,S([O-])(=O)(=O)C=1C=C2C(C(/N=N/C=3C(=CC=CC3)C(F)(F)F)=C(N)C=C2)=C(O)C1.[Na+],103.1
442,OC(=O)C1=C(C=CC(OC2=CC=C(C=C2Cl)C(F)(F)F)=C1)[N+]([O-])=O,102.9
443,NC(=O)C=C,12.4
444,C=CC#N,79.83144095
445,CCCCCCCCCCCC(=O)OCC(C)OC(=O)CCCCC(=O)O,34.3
446,CCC1=CC=CC(CC)=C1N(COC)C(=O)CCl,39.7
448,CSC(C)(C)C=NO,10.1
449,CNC(=O)ON=CC(C)(C)S(C)(=O)=O,7.8
450,CNC(=O)ON=CC(C)(C)S(C)=O,-5.7
451,C12CC(C=C1)C3C2[C@]4(Cl)C(Cl)=C(Cl)[C@@]3(Cl)C4(Cl)Cl,-15.0
452,O1C(C1)COCCCCCCCCCCCC,57.7
453,NC(=O)NC1NC(=O)NC1=O,9.5
455,S([O-])(=O)(=O)C=1C(=CC(\N=N\C=2C3=C(C=C(S([O-])(=O)=O)C=C3)C=CC2O)=C(OC)C1)C.[Na+].[Na+],94.8
456,OCC=C,5.0
457,C=CCN=C=S,11.238935
458,CCCCCC(C=O)=CC1=CC=CC=C1,77.3
460,CC(=O)/C=C/C1C(C)=CCCC1(C)C,46.2
461,CC(=O)C(C)=CC1C(C)=CCCC1(C)C,41.3
462,CC1=CCC2CC1C2(C)C,14.6862403
463,[Na+].CCCCCCCCCCCCOCCOS([O-])(=O)=O,98.4
465,CCCC(=O)OC(C)(C)CC1=CC=CC=C1,29.9
466,CCNC1=NC(SC)=NC(NC(C)C)=N1,62.1
467,CCC1(CCC(=O)NC1=O)C2=CC=C(N)C=C2,11.27842345
468,Cl.CCCCC1=C(C(=O)C2=CC(I)=C(OCCN(CC)CC)C(I)=C2)C3=C(O1)C=CC=C3,48.4
469,CN(C=NC1=C(C)C=C(C)C=C1)C=NC2=C(C)C=C(C)C=C2,54.1
471,[NH4+].NC([O-])=O,14.7
472,[NH4+].[S-]C#N,11.8
473,[NH4+].[O-]C(=O)C(F)(F)C(F)(F)C(F)(F)C(F)(F)C(F)(F)C(F)(F)C(F)(F)F,104.2
474,[NH4+].NS([O-])(=O)=O,26.1
475,S(O)(=O)(=O)C1=C(C=C(C=C1)C)C.N,25.0
476,CC(C)(C#N)C1=CC(=CC(CN2C=NC=N2)=C1)C(C)(C)C#N,9.5
479,OC(CCCCCC)CC=CCCCCCCCC(OCCN(CCOC(=O)CCCCCCCC=CCC(O)CCCCCC)CCOC(=O)CCCCCCCC=CCC(O)CCCCCC)=O,60.8
481,OC1=CC=C(C=C1)C2=CC(=O)C3=C(O2)C=C(O)C=C3O,103.0
482,O[C@@H]([C@@H](O)CO)[C@@H](O)C=O,10.02933917
484,CC(=O)OC1=C(C=CC=C1)C(O)=O,36.6
485,COC(=O)NS(=O)(=O)C1=CC=C(N)C=C1,5.4
486,CC(C)NCC(O)COC1=CC=C(CC(N)=O)C=C1,15.4
487,[Ca].[Ca+2].FC1=CC=C(C=2N(C(C(C)C)=C(C2C3=CC=CC=C3)C(=O)NC4=CC=CC=C4)CC[C@@H](O)C[C@@H](O)CC([O-])=O)C=C1.FC1=CC=C(C=2N(C(C(C)C)=C(C2C3=CC=CC=C3)C(=O)NC4=CC=CC=C4)CC[C@@H](O)C[C@@H](O)CC([O-])=O)C=C1,63.0
488,CCNC1=NC(NC(C)C)=NC(Cl)=N1,6.9
489,OC(=O)C1CCN(CC1)C2=C(NC(=O)NC(=O)C3=CC(F)=C(F)C=C3Cl)C=C(F)C=C2,21.4705986
490,[Na+].[O-]C(=O)C1=CC=C2N(CC3=NOC(=C3)C4=CC=C(Cl)S4)C(=NC2=C1)C(=O)NC5CCN(CC5)C6CC6,46.2
491,COP(=O)(OC)SCN1C(=O)OC2=CC(Cl)=CN=C12,34.3
492,CN1C=NC(=C1SC2=NC=NC3=C2NC=N3)[N+]([O-])=O,86.8
495,[Cl-].CCNC1=CC=C(C(C2=CC=C(C=C2)N(CC)CC)=C3C=CC(C=C3)=[N+](CC)CC)C4=C1C=CC=C4,110.3
496,CNC(=O)OC1=CC=CC2=C1OC(C)(C)O2,24.2
497,CCCCN(CC)C1=C(C=C(C=C1[N+]([O-])=O)C(F)(F)F)[N+]([O-])=O,37.5
498,IC1=C(C=CC=C1)C(=O)NC2=CC=CC=C2,73.6
499,CCCCNC(=O)N1C(NC(=O)OC)=NC2=C1C=CC=C2,40.4
500,CC1COC2=C(C=CC=C2)N1C(=O)C(Cl)Cl,31.68089716
501,CC(C)OP(=S)(OC(C)C)SCCNS(=O)(=O)C1=CC=CC=C1,21.5
502,ClC(Cl)C1=CC=CC=C1,12.4
504,CCOC(=O)C1=CC=C(N)C=C1,37.3
505,OC(=O)C1=CC=CC=C1,-17.1
506,OC(C(=O)C1=CC=CC=C1)C2=CC=CC=C2,57.4
507,O=C(C1=CC=CC=C1)C2=CC=CC=C2,87.0
508,ClC(Cl)(Cl)C1=CC=CC=C1,62.4
509,OC1=CC=C(C=C1)C(=O)OCC2=CC=CC=C2,103.2
510,CC(=O)OCC1=CC=CC=C1,11.8
511,OCC1=CC=CC=C1,43.3
512,O=C(OCC1=CC=CC=C1)C2=CC=CC=C2,88.2
514,CCCCOC(=O)C1=C(C=CC=C1)C(=O)OCC2=CC=CC=C2,71.1
515,O=C(OCC1=CC=CC=C1)C=CC2=CC=CC=C2,75.4
516,[Cl-].[N+](CCCCCCCCCC)(CC1=CC=CC=C1)(C)C,-8.5
517,CCCCC(CC)COC(=O)CCCCC(=O)OCC1=CC=CC=C1,13.5
518,FC1=CC=C(CC2CCN(CCS(=O)C3=CC=C4NC(=O)OC4=C3)CC2)C=C1,-16.3
521,CC1=C(C=CC=C1COC(=O)[C@@H]2[C@H](/C=C(\Cl)/C(F)(F)F)C2(C)C)C3=CC=CC=C3,54.8
522,COC1=CC=C(C=C1)C2=COC3=C(C(O)=CC(O)=C3)C2=O,100.6343086
524,CC(C)OP(C)(=O)OC(C)C,10.9
526,CCCCC(CC)COC(=O)/C=C\C(=O)OCC(CC)CCCC,14.7
530,CCCCC(CC)COC(=O)C1=C(Br)C(Br)=C(Br)C(Br)=C1C(=O)OCC(CC)CCCC,32.4
531,CCCCC(CC)COC(=O)CCCCC(=O)OCC(CC)CCCC,-0.4
534,CC(C)(C1=CC=C(O)C=C1)C2=CC=C(O)C=C2,96.0
535,CC(C)(C1=CC=C(OCC2CO2)C=C1)C3=CC=C(OCC4CO4)C=C3,31.9
536,OC1=CC=C(C=C1)C(C2=CC=C(O)C=C2)(C(F)(F)F)C(F)(F)F,100.7
537,CCC(C)(C1=CC=C(O)C=C1)C2=CC=C(O)C=C2,95.2
538,OB(O)O,-4.8
539,ClC1=CC=C(C=C1)C2=C(NC(=O)C3=C(Cl)N=CC=C3)C=CC=C2,29.3
540,CCC(C)N1C(=O)NC(C)=C(Br)C1=O,22.6
541,OC1=C(Br)C=C(C=C1Br)C2(OS(=O)(=O)C3=C2C=CC=C3)C4=CC(Br)=C(O)C(Br)=C4,102.2260995
542,OC1=C(Br)C=C(C=C1Br)C#N,101.8
545,CC(C)N1C(SCN(C1=O)C2=CC=CC=C2)=NC(C)(C)C,61.37356636
546,CS(=O)(=O)OCCCCOS(C)(=O)=O,11.4
547,CCCCOCN(C(=O)CCl)C1=C(CC)C=CC=C1CC,39.2
548,CN1C(=O)N(C(=O)C=C1C(F)(F)F)C2=CC(C(=O)OC(C)(C)C(=O)OCC=C)=C(Cl)C=C2,40.9
549,CC(C)N(CC1=CC=CC=C1)C(=O)C(C)(C)C,10.1
552,CCC(C)NC1=C(C=C(C=C1[N+]([O-])=O)C(C)(C)C)[N+]([O-])=O,73.41149411
553,CCCCOC(=O)[C@H](C)O,4.72227726
554,CCCCOC(=O)C=C,4.5
555,CCCCOC(=O)C1=CC=CC=C1,17.1
556,CCCCOCC1CO1,5.5
557,CCCCOC(=O)C(C)O,-11.80964179
558,CCSC(=O)N(CC(C)C)CC(C)C,13.3
559,CCCCC1=CC=CC=C1,16.0
560,CCCCC1=CC2=C(C=CC=C2S(=O)(=O)[O-])C=C1.[Na+],101.1
561,CCCCOC(=O)C1=CC=C(O)C=C1,100.1
562,CCCC[Sn](Cl)(Cl)Cl,6.38855459
563,CCCC=NO,7.1
565,[Na+].[Na+].OC1=C(N=NC2=CC=CC=C2)C3=C(C=C(C=C3C=C1)S([O-])(=O)=O)S([O-])(=O)=O,108.8
566,[Na+].COC1=CC=C(C=C1)N=NC2=C(OC)C=C(N=NC3=CC=C(C=C3)S([O-])(=O)=O)C(C)=C2,111.1218796
567,[Na+].OC1=C(N=NC2=CC=C(C=C2)S([O-])(=O)=O)C3=CC=CC=C3C=C1,110.3122556
570,[Na+].CC1=NN(C(=O)C1N=NC2=CC=CC=C2)C3=CC=C(C=C3)S([O-])(=O)=O,108.3
571,[Na+].[Na+].CC1=NN(C(=O)C1N=NC2=CC=C(C=C2)S([O-])(=O)=O)C3=CC(Cl)=C(C=C3Cl)S([O-])(=O)=O,102.2
573,C1=CC=C2C(=C1)C(=O)C(C2=O)C3=NC4=C(C=C(C=C4C=C3)S(=O)(=O)[O-])S(=O)(=O)[O-].[Na+].[Na+],97.3
574,[Na+].CC1=NN(C(=O)C1/N=N/C2=CC=CC=C2)C3=CC(=CC=C3Cl)S([O-])(=O)=O,109.6
576,CC1=C(N)C=C(C=C1)[N+]([O-])=O,80.8
577,S([O-])(=O)(=O)C=1C=C2C(=C(O)C1/N=N/C3=CC=C(/N=N/C4=CC=C(S([O-])(=O)=O)C=C4)C=C3)C=CC(NC(=O)C5=CC=CC=C5)=C2.[Na+].[Na+],103.4
578,COC1=CC(=CC=C1N)C2=CC(OC)=C(N)C=C2,102.9
579,Cl.Cl.COC1=CC(=CC=C1N)C2=CC=C(N)C(OC)=C2,110.4
582,CCCCCCCCCCCCCCCS(=O)(=O)OC1=CC=CC=C1,6.5
583,CN1C=NC2=C1C(=O)N(C)C(=O)N2C,-3.242788835
584,[Ca+2].[O-]C(=O)C(CCCCCC)(C)C.[O-]C(=O)C(CCCCCC)(C)C,53.3
585,CC1(C)C2CCC(C2)C1=C,6.9
586,COCCOC[C@H](CC1(CCCC1)C(=O)N[C@H]2CC[C@H](CC2)C(O)=O)C(=O)OC3=CC4=C(CCC4)C=C3,4.8
587,O=C1CCCCCN1,-0.2
589,O=C1N(SC(Cl)(Cl)Cl)C(=O)C2CC=CCC12,89.1
590,CC(=O)C1=CC2=C(OC(C)(C)[C@H](O)[C@H]2NC(=O)C3=CC=C(F)C=C3)C=C1,12.45714286
591,NC(=O)N1C2=CC=CC=C2C=CC3=C1C=CC=C3,56.6
593,COC(=O)NC1=NC2=CC=CC=C2N1,-20.8
595,CCCCN(CCCC)SN(C)C(=O)OC1=C2OC(C)(C)CC2=CC=C1,67.5
596,CC1=C(SCCO1)C(=O)NC2=CC=CC=C2,36.7
598,CS(O)(=O)=O.CC(C)C1=CC=C(C=C1S(C)(=O)=O)C(=O)N=C(N)N,11.8
600,CC1=CC=C(C=C1)C2=CC(=NN2C3=CC=C(C=C3)S(N)(=O)=O)C(F)(F)F,56.9
601,CC(=O)C1=CC(=CC2=C1CCC2(C)C)C(C)(C)C,6.2
602,NC1=C(Cl)C(=CC(Cl)=C1)C(O)=O,93.9
603,CC1=CC=C(S(=O)(=O)[N-]Cl)C=C1.O.O.O.[Na+],88.9
604,ClC1CC2C(C1Cl)C3(Cl)C(Cl)=C(Cl)C2(Cl)C3(Cl)Cl,62.6
605,OC(=O)C1C(C(O)=O)C2(Cl)C(Cl)=C(Cl)C1(Cl)C2(Cl)Cl,69.6
606,CCOP(=S)(OCC)OC(Cl)C(Cl)(Cl)Cl,89.6
607,NC1=C(Cl)C(=O)N(N=C1)C2=CC=CC=C2,63.9
610,COC1=CC(Cl)=C(OC)C=C1Cl,86.96613872
611,ClC1=CC=C(C=C1)C(C(=O)C2C(=O)C3=C(C=CC=C3)C2=O)C4=CC=CC=C4,90.4
612,ClC=1C=C(C=CC1)C.C=1C=C(C=CC1Cl)C,11.3
613,CC(C)OC(=O)NC1=CC=CC(Cl)=C1,74.2
614,CCOP(=S)(OCC)OC1=NC(Cl)=C(Cl)C=C1Cl,102.8
615,CCOP(=O)(OCC)OC1=NC(Cl)=C(Cl)C=C1Cl,99.4
616,COP(=S)(OC)OC1=NC(Cl)=C(Cl)C=C1Cl,99.6
617,COC(=O)C1=C(Cl)C(Cl)=C(C(=O)OC)C(Cl)=C1Cl,99.7
618,OC1=CC2=C(C(O)=C1)C(=O)C=C(O2)C3=CC=CC=C3,94.7
619,NC1=CC2=C3N(CCC3=C1)C(=O)[C@H](NC(=O)C4=CC=CN=C4)N=C2C5=CC=CC=C5,40.1
620,CC(C)[C@]12CC[C@](C)(O1)[C@@H](C2)OCC3=C(C)C=CC=C3,45.9
621,CC(C)=CCCC(C)=CC#N,50.73414839
622,OC(=O)CC(O)(CC(O)=O)C(O)=O,-10.7
623,CCOC(=O)CC(CC(=O)OCC)(OC(C)=O)C(=O)OCC,12.1
625,CC(CCO)CCC=C(C)C,92.9
627,NC(=O)N(O)[C@H]1C[C@@H](OC2=CC=CC(OC3=CC=C(F)C=C3)=C2)C=C1,93.0
628,NC1=NC(Cl)=NC2=C1N=CN2[C@H]3C[C@H](O)[C@@H](CO)O3,6.3
629,C[C@@H](OC1=CC=C(OC2=NC=C(Cl)C=C2F)C=C1)C(=O)OCC#C,57.3
630,ClC1=CC=CC=C1C2=NN=C(N=N2)C3=C(Cl)C=CC=C3,60.08369805
631,CCOC(=O)C(C)(C)OC1=CC=C(Cl)C=C1,42.1
633,OC(=O)C1=C(Cl)C=CC(Cl)=N1,30.8
634,NCCO.OC(=O)C1=C(Cl)C=CC(Cl)=N1,20.81649372
635,OC1=C(CC2=CC=CC=C2)C=C(Cl)C=C1,105.0
637,COC(=O)C(CC1=CN=CN1)N.Cl,85.7
638,COC1=CC2=C(C(OC)=C1OC)C3=CC=C(OC)C(=O)C=C3[C@H](CC2)NC(C)=O,41.7
639,[Co].[Co].[Co].[Co].[Co].[Co].[Co].[Co].[Co].[Co].[Co].[Co].[Co].[Co].[Co].[Co].[Co].[Co],32.2
640,C[C@]12C[C@H](O)[C@H]3[C@@H](CCC4=CC(=O)CC[C@]34C)[C@@H]1CC[C@@H]2C(=O)CO,12.6
641,CN1[C@@H](CCC1=O)C2=CN=CC=C2,4.8
642,O=C1OC2=C(C=CC=C2)C=C1,19.72643528
643,O[C@@H]1[C@H](CC2=CC=CC(=C2)C(O)=O)COC3=C1C=C(OCC4=NC5=C(S4)C=CC(F)=C5)C=C3,64.6
644,ClC=1C=C2N(C(=O)C(C2=CC1F)C(=O)C=3SC=C(Cl)C3)C(=O)N,104.9348849
645,CC(CC1=CC=C(OCC(O)=O)C=C1)NCC(O)C2=CSC(=N2)C(F)(F)F,22.3
646,COC1=C(CN[C@H]2CCCN[C@H]2C3=CC=CC=C3)C=C(OC(F)(F)F)C=C1,5.164777908
647,FC1=CC=C(C2(O)CCN([C@H]3[C@@H](O)C4=C(OC3)C=C(O)C=C4)CC2)C=C1,59.6
648,CCC1=NN(C2CCCCC2)C3=C1C=CC(=C3)[C@]4(CC[C@@H](CC4)C(O)=O)C#N,62.7
650,CS(O)(=O)=O.CCOC1=CC=CC(=C1)[C@]2(CC[C@H](C)CC2)N3CCN(CC3)C4=CC=CC=C4,15.5
651,CC(C)(O)C1=COC(=C1)S(=O)(=O)NC(=O)NC2=C3CCCC3=CC4=C2CCC4,35.03390378
652,CC(C)(O)C1=CC=C(CNC(=O)C2=CC=CN=C2OC3=CC=C(F)C=C3)C=C1,10.5
653,[Na+].CC(C)C1=CC=CC(C(C)C)=C1NC(=O)[N-]S(=O)(=O)C2=CC(=CO2)C(C)(C)O,37.3
654,ONC(=O)C1(CCCC1)N(CCC(O)=O)S(=O)(=O)C2=CC=C(OC3=CC=C(F)C=C3)C=C2,30.0
655,CC[C@@H]1C[C@H](N(CC2=CC(=CC(=C2)C(F)(F)F)C(F)(F)F)C(C)=O)C3=C(C=CC(=C3)C(F)(F)F)N1C(=O)OC(C)C,41.7
656,ONC(=O)C1(CCOCC1)NS(=O)(=O)C2=CC=C(OC3=CC=C(F)C=C3)C=C2,48.4
657,CNCC1=C(OC2=CC=C(Cl)C(Cl)=C2)C=CC(F)=C1,35.5
658,CNC(=O)[C@H]1O[C@H]([C@H](O)[C@@H]1N)N2C=NC3=C2N=CN=C3NCC4=CC(Cl)=CC=C4OCC5=CC(C)=NO5,5.832623947
659,CC(C)(O)C1=CC=C(CNC(=O)C2=CC=CN=C2OC3=CC4=NON=C4C=C3)C=C1,5.1
660,CC1=CC(NC(=O)C(O)=O)=CC(C)=C1OC2=CC=C(O)C3=C2CCC3,105.4
661,C[C@@H](O)C1=NC(=CC=N1)N2[C@@H](C)CN(C[C@H]2C)C3=NC(C)=NC(C)=N3,0.4
662,C[C@@H](OC1=CC=C(CNC(=O)C2=CC=CN=C2OC3=CC=C4OCOC4=C3)C(F)=C1)C(O)=O,11.1
663,OC(CCCCCC)C/C=C/CCCCCCCOC(OCCOC(COCCOC(OCCCCCCC\C=C\CC(O)CCCCCC)=O)COCCOC(OCCCCCCC\C=C\CC(O)CCCCCC)=O)=O,-22.0
664,CC(C)(OO)C1=CC=CC=C1,44.22230313
665,NC#N,3.603488484
666,CCNC1=NC(NC(C)(C)C#N)=NC(Cl)=N1,30.7
667,NC(=N)NC#N,10.84854327
668,OC1=NC(O)=NC(O)=N1,8.176918199
669,CSC1=NC(NC(C)(C)C)=NC(NC2CC2)=N1,86.0
670,OC(=O)C1(CC1)C(=O)NC2=CC=C(Cl)C=C2Cl,96.4
671,O=C(C1CCC1)C2=CC=CC=C2,30.8
672,OC1CCCCCCCCCCC1,44.9
673,OC1CCCCC1,5.818678081
674,O=C1CCCCC1,1.0
675,ON=C1CCCCC1,11.1
676,[C@H]1(C[C@@H](C)C[C@H](C)C1=O)[C@H](O)CC2CC(=O)NC(=O)C2,10.8
677,NC1CCCCC1,11.8
678,O=C(C1CCCCC1)C2=CC=CC=C2,45.5
679,C12NC[C@@H](C)C[C@H]1O[C@]3(CCC4C(C[C@H]5C4CC=C6C[C@@H](O)CC[C@]56C)=C3C)[C@@H]2C,-3.7
680,OC1CCCC1,9.231420707
682,O.ClCCN(CCCl)P1(=O)NCCCO1,63.3
683,CC1(C)C(C=C(Cl)Cl)C1C(=O)OC(C#N)C2=CC=C(F)C(OC3=CC=CC=C3)=C2,48.1
684,CCCCOC(=O)[C@@H](C)OC1=CC=C(OC2=C(F)C=C(C=C2)C#N)C=C1,51.1
686,CC(C1CC1)C(O)(CN2C=NC=N2)C3=CC=C(Cl)C=C3,44.1124534
687,CC1=NC(NC2=CC=CC=C2)=NC(=C1)C3CC3,91.0
688,CC(=O)O[C@@]1(CC[C@H]2[C@@H]3C=C(Cl)C4=CC(=O)[C@@H]5C[C@@H]5[C@]4(C)[C@H]3CC[C@]12C)C(C)=O,8.734220403
689,NC1=NC(NC2CC2)=NC(N)=N1,24.2
690,Cl.O1C(N2C=CC(=NC2=O)N)C(O)[C@H](O)C1CO,8.7
692,OC[C@H](O)[C@@H](O)[C@H](O)[C@H](O)CO,3.526002745
693,OC[C@@H](O)[C@@H](O)[C@H](O)[C@H](O)CO,-10.73015873
694,O[C@@H]([C@H](O)CO)[C@@H](O)C=O,-0.343225203
696,NC1=CC=C(C=C1)S(=O)(=O)C2=CC=C(N)C=C2,25.0
698,ClC1=CC=C(C=C1)C(C2=CC=C(Cl)C=C2)C(Cl)(Cl)Cl,14.9
699,CCCCCCCCCC=O,94.7
700,OC(=O)CCCCCCCCC(O)=O,39.5
701,CCCCCCCCCC(O)=O,93.7
702,CCCCCCCCCCO[C@@H]1O[C@H](CO)[C@@H](O)[C@H](O)[C@H]1O,60.44092833
703,CCN(CC)C(=O)C1=CC=CC(C)=C1,51.8
704,CC(=O)C1C(=O)C=C(C)OC1=O,41.0
705,C12CCC(=O)[C@@]1(C)CCC3C2CC=C4C[C@@H](O)CC[C@]34C,37.5
706,CCNC1=NC(N)=NC(Cl)=N1,20.2
708,[O-]C(=O)C1=CC=CC=C1.CC[N+](CC)(CC(=O)NC1=C(C)C=CC=C1C)CC2=CC=CC=C2,12.7
709,O=C1[N-]S(=O)(=O)C2=C1C=CC=C2.CC[N+](CC)(CC(=O)NC1=C(C)C=CC=C1C)CC2=CC=CC=C2,21.5
711,P(OCC(=O)[C@]1(O)[C@@]2(C(C3[C@](F)([C@@H](O)C2)[C@@]4(C(CC3)=CC(=O)C=C4)C)C[C@H]1C)C)([O-])([O-])=O.[Na+].[Na+],7.1
712,CCCCCCCCOC(=O)C1=C(C=CC=C1)C(=O)OCCCCCCCC,15.1
713,CC(C)(C)OOC(C)(C)C,6.8
714,CCCCC(CC)COC(=O)C1=C(C=CC=C1)C(=O)OCC(CC)CCCC,5.6
715,CC(=O)CC(C)(C)O,-17.0
716,C=CCOC(=O)C1=C(C=CC=C1)C(=O)OCC=C,65.2
717,S=P(OC1=NC(=NC(=C1)C)C(C)C)(OCC)OCC,39.1
718,OCNC(=O)N(CO)C1N(CO)C(=O)N(CO)C1=O,9.7
721,S1C2=C(C=CC=C2)C3=C1C=CC=C3,15.7
722,BrC(Br)C#N,-2.603174603
723,CCCCOC(=O)C1=CC=CC=C1C(=O)OCCCC,70.8
724,CCCCOC(=O)CCCCC(=O)OCCCC,9.9
725,CCCCOC(=O)CCCCCCCC(=O)OCCCC,29.2
726,CCCCOC(=O)CCCCCCCCC(=O)OCCCC,-0.5
727,COC1=C(Cl)C=CC(Cl)=C1C(O)=O,62.8
728,ClC1=C(Cl)C(=O)C2=C(C=CC=C2)C1=O,92.68395403
729,ClC(Cl)C(=O)N(CC=C)CC=C,17.2
731,OC(=O)C(Cl)Cl,10.35384463
732,OC1=CC=C(Cl)C=C1CC2=CC(Cl)=CC=C2O,105.5
733,CC(OC1=C(Cl)C=C(Cl)C=C1)C(O)=O,81.7
734,COP(=O)(OC)OC=C(Cl)Cl,13.9
735,OC(C1=CC=C(Cl)C=C1)(C2=CC=C(Cl)C=C2)C(Cl)(Cl)Cl,64.6
736,COP(=O)(OC)O/C(/C)=C/C(=O)N(C)C,8.167667941
737,CC(C)(OOC(C)(C)C1=CC=CC=C1)C2=CC=CC=C2,80.7
738,C1CCC(CC1)SSC2CCCCC2,22.7
739,O=C(OC1CCCCC1)C2=C(C=CC=C2)C(=O)OC3CCCCC3,37.8
740,[Na+].[O-]S(=O)(=O)C(CC(=O)OC1CCCCC1)C(=O)OC2CCCCC2,74.0
741,C1C=CC2C3CC(C=C3)C12,13.6
742,OC[C@@H]1CC[C@@H](O1)N2C=NC3=C2N=CNC3=O,1.7
743,ClC1=C(Cl)[C@]2(Cl)[C@@H]3[C@@H]4C[C@@H]([C@H]5O[C@@H]45)[C@@H]3[C@@]1(Cl)C2(Cl)Cl,25.9
744,OCCNCCO,14.6
745,CCOC(=O)CCC(=O)OCC,6.4
746,[P+](OCC)(OCC)=O,6.4
747,CCOC(=O)C1=CC=CC=C1C(=O)OCC,44.1
748,CCOC(=O)CC(=O)OCC,8.336183576
749,CCOS(=O)(=O)OCC,-4.0
750,OCCOCCO,0.4
751,C1=CC=C(C=C1)C(=O)OCCOCCOC(=O)C2=CC=CC=C2,29.2
752,COCCOCCOC,7.092547596
753,COCCOCCO,2.5000000000000004
754,CC/C(=C(/CC)\C1=CC=C(O)C=C1)/C2=CC=C(O)C=C2,103.2
755,COS([O-])(=O)=O.CN1C(=CC(C2=CC=CC=C2)=[N+]1C)C3=CC=CC=C3,91.0
756,FC1=CC=CC(F)=C1C(=O)NC(=O)NC2=CC=C(Cl)C=C2,-8.0
757,COC1=CC=C(C=C1)N2N=C(C=C2C3=CC=C(C=C3)S(C)=O)C(F)F,33.1
758,C[C@H]1O[C@H](C[C@H](O)[C@@H]1O)O[C@H]2[C@@H](O)C[C@H](O[C@H]3[C@@H](O)C[C@H](O[C@H]4CC[C@@]5(C)[C@H](CC[C@@H]6[C@@H]5C[C@@H](O)[C@]7(C)[C@H](CC[C@]67O)C8=CC(=O)OC8)C4)O[C@@H]3C)O[C@@H]2C,13.1
759,CCCCCCOC(=O)CCCCC(=O)OCCCCCC,1.0
760,CCCCCCOC(=O)C1=C(C=CC=C1)C(=O)OCCCCCC,17.7
762,OC(CCCC(C=C)=C)(C)C,28.9
763,CC(C)COC(=O)CCCCC(=O)OCC(C)C,63.2
766,CC(C)CCCCCCCOC(=O)CCCCC(=O)OCCCCCCCC(C)C,4.6
767,CC(C)CCCCCCCOP(OCCCCCCCC(C)C)OC1=CC=CC=C1,101.9
768,CC(C)CCCCCCOC(=O)CCCCC(=O)OCCCCCCC(C)C,-3.7
769,CC(C)CCCCCCOC(=O)C1CCCCC1C(=O)OCCCCCCC(C)C,-35.9
770,CC(C)CCCCCOC(=O)CCCCC(=O)OCCCCCC(C)C,21.0
771,CC(O)CNCC(C)O,11.5
772,CC(C)OC(=O)C1=CC=CC=C1C(=O)OC(C)C,56.5
775,CNC(=O)CSP(=S)(OC)OC,39.7
776,COC1=C(OC)C=C(C=C1)C(=CC(=O)N2CCOCC2)C3=CC=C(Cl)C=C3,32.11592903
777,CC1CC(OC(C)=O)OC(C)O1,-24.1
778,CO[Si](C)(C)OC,3.5
781,COC(=O)CCCC(=O)OC,8.1
782,COC(=O)C1=CC(=CC=C1)C(=O)OC,40.7
783,COP(C)(=O)OC,13.0
784,COP(=O)OC,11.10342729
785,COC(=O)C1=C(C=CC=C1)C(=O)OC,38.2
786,COC(=O)CCC(=O)OC,5.0
787,COS(=O)(=O)OC,11.9
788,COC(=O)C1=CC=C(C=C1)C(=O)OC,39.6
789,CNC,2.714483852
791,NC=1C(=C(C=CC1)C)C.NC1=C(C=CC=C1C)C.NC1=CC(=C(C=C1)C)C.NC1=C(C=C(C=C1)C)C.NC1=C(C=CC(=C1)C)C.NC1=CC(=CC(=C1)C)C,33.9
792,C[As](C)(O)=O,-1.8
794,CN(C)C(Cl)=O,-3.9
795,C[Sn](C)(Cl)Cl,-1.7
796,CC(C)(C)C(O)/C(=C\C1=C(Cl)C=C(Cl)C=C1)/N2C=NC=N2,82.7
797,O(C=1C(N(=O)=O)=CC=CC1)C(=O)/C=C/C.ON=O.C(CCCC)CCC,111.1
798,CCC(C)C1=CC(=CC(=C1O)[N+]([O-])=O)[N+]([O-])=O,109.0
799,CNC(NCC1CCOC1)=N[N+]([O-])=O,7.4
800,CC(C)CCCCCCOC(=O)C1=CC=CC=C1C(=O)OCCCCCCC(C)C,13.4
801,CCCCCCCCOC(=O)CCCCCCCCC(=O)OCCCCCCCC,14.46575501
802,CCCCCOC(=O)C1=C(C=CC=C1)C(=O)OCCCCC,49.6
803,CN(C)C(=O)C(C1=CC=CC=C1)C2=CC=CC=C2,8.21650457
805,O=C(OC1=CC=CC=C1)C2=CC(=CC=C2)C(=O)OC3=CC=CC=C3,79.0
806,O(C1=CC=CC=C1)C2=CC=CC=C2,57.9
807,OP(=O)(OC1=CC=CC=C1)OC2=CC=CC=C2,45.8
809,N(C1=CC=CC=C1)C2=CC=CC=C2,83.8
810,[Hg](C1=CC=CC=C1)C2=CC=CC=C2,0.52557329
812,CCCOC(=O)C1=CC=C(N=C1)C(=O)OCCC,33.2
813,O(C(CO)C)C(CO)C.O(CC(O)C)CC(O)C,4.1
815,O(CC(OC(=O)C1=CC=CC=C1)C)CC(OC(=O)C2=CC=CC=C2)C,34.7
817,CSC(=O)C1=C(N=C(C(C(=O)SC)=C1CC(C)C)C(F)(F)F)C(F)F,44.8
818,CN(C)C(=O)NC1=CC(Cl)=C(Cl)C=C1,34.4
819,C=1(C(=CC=CC1)C=C)C=C,23.8
820,C[Si](C)(O[Si](C)(C)C=C)C=C,10.80857354
821,CC(C)CCC[C@@H](C)CCC[C@@H](C)CCC[C@]1(C)CCC2=C(O1)C(C)=C(C)C(OC(C)=O)=C2C,-3.7
822,CC(C)[C@@H]1CC[C@@H](C)C[C@H]1O,15.86082522
823,[Na+].CCCCC(CC)COC(=O)CC(C(=O)OCC(CC)CCCC)S([O-])(=O)=O,104.7
824,CCCCCCCCCCCC(O)=O,98.94099567
826,CCCCCCCCCCCCC1=CC=CC=C1,-13.6
827,CCCCCCCCCCCCC1=CC(=CC=C1)S(=O)(=O)O.C(CO)N(CCO)CCO,101.8
828,S(O)(=O)(=O)C=1C(CCCCCCCCCCCC)=CC=CC1,105.3
829,OC1=CC=C(C=C1)CCCCCCCCCCCC,99.8
830,[Cl-].[Cl-].[Cl-].[Dy+3],6.3
831,OC(=O)/C=C/C1=CC=CC=C1,53.5
832,O=C(OCC1CCC2OC2C1)C3CCC4OC4C3,4.024137931
833,CN([C@H]1CC[C@@]2(CCCO2)C[C@@H]1N3CCCC3)C(=O)CC4=CC=CC5=C4C=CO5,5.575556759
834,ClC1=C(Cl)C2(Cl)C3COS(=O)OCC3C1(Cl)C2(Cl)Cl,16.4
835,ClC1=C(Cl)[C@]2(Cl)[C@@H]3COS(=O)OC[C@@H]3[C@@]1(Cl)C2(Cl)Cl,18.9
837,OC(=O)C1C2CCC(O2)C1C(O)=O,-3.4
839,CCOP(=S)(OC1=CC=C(C=C1)[N+]([O-])=O)C2=CC=CC=C2,78.6
840,FC1=CC=C(C=C1)[C@@]2(CN3C=NC=N3)O[C@@H]2C4=C(Cl)C=CC=C4,62.2
841,CCCN(CCC)C(=O)SCC,24.28323896
842,CC[C@H]1OC(=O)[C@H](C)[C@@H](O[C@H]2C[C@@](C)(OC)[C@@H](O)[C@H](C)O2)[C@H](C)[C@@H](O[C@@H]3O[C@H](C)C[C@@H]([C@H]3O)N(C)C)[C@](C)(O)C[C@@H](C)C(=O)[C@H](C)[C@@H](O)[C@]1(C)O,13.4
843,CC(C)[C@H](C(=O)O[C@H](C#N)C1=CC=CC(OC2=CC=CC=C2)=C1)C3=CC=C(Cl)C=C3,47.1
844,COC1=CC=C(CC=C)C=C1,21.6
845,C[C@]12CC[C@H]3[C@@H](CCC4=C3C=CC(O)=C4)[C@@H]1C[C@@H](O)[C@@H]2O,29.7
846,C12CCC(=O)[C@@]1(C)CCC3C4=C(CCC23)C=C(O)C=C4,15.3
850,CCOP(=S)(OCC)SCSP(=S)(OCC)OCC,96.31702473
851,CCOC1OC2=C(C=C(OS(C)(=O)=O)C=C2)C1(C)C,82.6
852,CCCSP(=O)(OCC)SCCC,24.58492627
853,CCOC(=O)CC1=CC=CC2=C1C=CC=C2,84.0
855,CCOC(=O)C1OC1C2=CC=CC=C2,40.1
856,CCC(=O)C1=CC=C(Cl)C=C1,15.6
857,CCOC(=O)C1=CC=C(C)C=C1,6.593028457
858,CCOC(=O)C1=NOC(C1)(C2=CC=CC=C2)C3=CC=CC=C3,75.03377386
860,CCCC(=O)OCC,-0.643918878
861,CCN(CCO)CCO,4.5
863,CCCCCC(=O)OCC,1.8
864,CCOC(=O)C1OC1(C)C2=CC=CC=C2,36.90752906
866,CCCCCCCC/C=C\CCCCCCCC(=O)OCC,17.7
867,CCOC(OCC)OCC,12.0
868,CCOC(=O)CC,10.6
869,CCOC(=O)CCCCCCCCC=C,26.8
870,OCCO,4.9
871,CCOCCOC(C)=O,12.3
872,O=C(OCCOCCOCCOC(=O)C1=CC=CC=C1)C2=CC=CC=C2,26.0
873,[Na+].[Fe+3].[O-]C(=O)CN(CCN(CC([O-])=O)CC([O-])=O)CC([O-])=O,9.537897999
874,CCOC(=O)C1=CC=C(O)C=C1,81.3
876,CCOC1=CC=C(C=C1)C(C)(C)COCC2=CC(OC3=CC=CC=C3)=CC=C2,51.7
877,CCOC1=C(C=CC(=C1)C(C)(C)C)C2COC(=N2)C3=C(F)C=CC=C3F,40.1
879,COC1=C(O)C=CC(CC=C)=C1,91.2
880,CC1(OC(=O)N(NC2=CC=CC=C2)C1=O)C3=CC=C(OC4=CC=CC=C4)C=C3,66.56265898
881,[K+].CCC1=CC(=CC2=C1OCO2)C3=C(N(C4=CC=CC=C4C(F)(F)F)S(=O)(=O)C5=C3C=CC=C5)C([O-])=O,81.3
882,CC(C)=CCCC(C)=CCCC(C)=CCO,90.0
883,[Na+].[Na+].CCN(CC1=CC(=CC=C1)S([O-])(=O)=O)C2=CC=C(C=C2)C(=C3C=CC(C=C3)=[N+](CC)CC4=CC(=CC=C4)S([O-])(=O)=O)C5=C(C=C(O)C=C5)S([O-])(=O)=O,56.9
884,S([O-])(=O)(=O)C1=CC2=C(C(/N=N/C3=CC=C(S([O-])(=O)=O)C=C3)=C(O)C=C2)C=C1.[Na+].[Na+],97.9
885,CSC1=N[C@](C)(C(=O)N1NC2=CC=CC=C2)C3=CC=CC=C3,35.3
888,CC1(C)C2CCC(C)(C2)C1O,3.6
890,COP(=S)(OC)OC1=CC=C(C(C)=C1)[N+]([O-])=O,98.4
891,CC(C)OC(=O)C(C)(C)OC1=CC=C(C=C1)C(=O)C2=CC=C(Cl)C=C2,24.8
892,CCOC(=O)C(C)OC1=CC=C(OC2=NC3=C(O2)C=C(Cl)C=C3)C=C1,80.36824275
893,CCOC(=O)[C@@H](C)OC1=CC=C(OC2=NC3=C(O2)C=C(Cl)C=C3)C=C1,65.07854202
894,CCOC(=O)NCCOC1=CC=C(OC2=CC=CC=C2)C=C1,83.7
895,CC1(C)C(C(=O)OC(C#N)C2=CC=CC(OC3=CC=CC=C3)=C2)C1(C)C,61.22151526
896,CN1N=C(C)C(C=NOCC2=CC=C(C=C2)C(=O)OC(C)(C)C)=C1OC3=CC=CC=C3,26.57892215
897,COP(=S)(OC)OC1=CC(C)=C(SC)C=C1,94.0
898,CN(C)C(=O)NC1=CC=CC=C1,6.9
900,NC1=C(C(=NN1C2=C(Cl)C=C(C=C2Cl)C(F)(F)F)C#N)S(=O)C(F)(F)F,57.4
901,O=C1C=C(OC2=CC=CC=C12)C3=CC=CC=C3,95.1
903,[O-][N+](=O)C1=CC(=C(Cl)C(=C1NC2=C(Cl)C=C(C=N2)C(F)(F)F)[N+]([O-])=O)C(F)(F)F,108.7
904,[Na+].COC1=NN(C(=O)[N-]S(=O)(=O)C2=C(OC(F)(F)F)C=CC=C2)C(=O)N1C,90.00580897
905,OC(CN1C=NC=N1)(CN2C=NC=N2)C3=C(F)C=C(F)C=C3,8.8
907,CC(C)N(C(=O)COC1=NN=C(S1)C(F)(F)F)C2=CC=C(F)C=C2,66.8
908,FC1=CC=CC(F)=C1C(=O)NC(=O)NC2=C(F)C=C(OC3=C(Cl)C=C(C=C3)C(F)(F)F)C=C2,20.0
909,CCOC(=O)COC1=CC(N2N=CC(=C(C)C2=O)C(F)(F)F)=C(F)C=C1Cl,24.7
910,CCN(CC1=C(Cl)C=CC=C1F)C2=C(C=C(C=C2[N+]([O-])=O)C(F)(F)F)[N+]([O-])=O,61.1
912,FC1=CC2=C(C=C1N3C(=O)C4=C(CCCC4)C3=O)N(CC#C)C(=O)CO2,85.2
913,CN(C)C(=O)NC1=CC=CC(=C1)C(F)(F)F,54.8
915,OCCC(F)(F)C(F)(F)C(F)(F)C(F)(F)C(F)(F)C(F)(F)C(F)(F)C(F)(F)F,45.8
916,CO/N=C(/C1=NOCCO1)\C2=C(OC3=NC=NC(OC4=CC=CC=C4Cl)=C3F)C=CC=C2,88.2
917,NC1=C(Cl)C(F)=NC(OCC(O)=O)=C1Cl,84.5
918,CCCCCCC(C)OC(=O)COC1=NC(F)=C(Cl)C(N)=C1Cl,84.2
919,C[Si](CN1C=NC=N1)(C2=CC=C(F)C=C2)C3=CC=C(F)C=C3,52.2
920,CC(C)C(=O)NC1=CC(=C(C=C1)[N+]([O-])=O)C(F)(F)F,30.4
922,CC(C)OC1=CC(NC(=O)C2=C(C=CC=C2)C(F)(F)F)=CC=C1,75.6
923,CS(=O)(=O)NC(=O)C1=CC(OC2=CC=C(C=C2Cl)C(F)(F)F)=CC=C1[N+]([O-])=O,97.6
924,ClC1=NC=CC(NC(=O)NC2=CC=CC=C2)=C1,54.6
925,C=O,14.6
926,NC=O,2.3
927,Cl.CNC(=O)OC1=CC=CC(=C1)N=CN(C)C,13.87244071
931,CC1=C(C2=C(O1)C(NC(=O)C3=C(Cl)C=CC=C3Cl)=CC=C2)C(C)(C)O,102.1
932,OC(=O)/C=C/C(O)=O,6.0
933,CCCOC(=O)C1=CC(O)=C(O)C(O)=C1,104.8
934,O=C1CCCO1,11.3
935,CCC1CCC(=O)O1,54.0
938,CCCC1CCC(=O)O1,10.6
939,CCCCCC1CCC(=O)O1,13.3
943,CC(C)=CCC/C(/C)=C/COC(C)=O,24.6
944,C12CC[C@@]3(O)C[C@]1(CC3=C)[C@@H](C(O)=O)C4[C@@]5(C)[C@@H](O)C=C[C@@]24OC5=O,-5.4
945,O=CCCCC=O,0.307490223
947,CCCCCCCC(=O)OCC(CO)O,35.0
948,CCCCCCCCC=CCCCCCCCC(=O)OCC(CO)O,76.5
949,CCCCCCC(CC=CCCCCCCCC(=O)OCC(CO)O)O,85.6
950,CCCCCCCCCCCCCCCCCC(=O)OCC(O)CO,9.3
951,OCC1CO1,2.9
953,CCCCCCCCCC1=CC=C(OCCO)C=C1,44.3
954,C12C(NC(=O)N1)NC(=O)N2,6.5
955,CCCCCCC(CCCCCCCCCCC(=O)OCC(COC(=O)C)OC(=O)C)OC(=O)C,21.2
956,NC(=O)CN(CC(F)(F)F)C1=CC(=C(C=C1)C#N)C(F)(F)F,21.3
957,CC1=CC=C(C=C1)S(O)(=O)=O.CCN(C(C)C)C(=O)C1=CC(OC[C@H](C)NC2=CC=NC=C2)=CC(C)=C1,5.9
959,C12[C@@H]3O[C@@H]3[C@H](Cl)C1[C@@]4(Cl)C(Cl)=C(Cl)C2(Cl)C4(Cl)Cl,-20.2
960,CCCCCCC=O,56.9
961,CCCCCCC(O)=O,43.3
962,CCCCCCC(=O)C1=CC=CC=C1,41.7
963,CCCCCCCOC(=O)CCC,18.6
964,CCCCCCCOC(=O)C1=CC=C(O)C=C1,103.0
965,ClC(Cl)=C(Cl)C(Cl)=C(Cl)Cl,98.9
966,ClC1=C(Cl)C(Cl)(Cl)C(Cl)=C1Cl,98.4
967,CCCCC(O)(CN1C=NC=N1)C2=CC=C(Cl)C=C2Cl,69.0
968,CCCCCCCCCCCCCCCC,10.1
969,CCCCCCCCCCCCCCCC(O)=O,53.4
970,FC(F)C(F)(F)OC1=C(Cl)C=C(NC(=O)NC(=O)C2=C(F)C=CC=C2F)C=C1Cl,-18.9
971,C[Si](C)(C)N[Si](C)(C)C,5.376452754
974,O=C(OCCCCCCOC(=O)C1=CC=CC=C1)C2=CC=CC=C2,26.8
975,N#CCCCCC#N,15.9
976,OC(=O)CCCCC(O)=O,13.8
977,O(CC(C(CC)C)C)C(=O)CCCCCC(OCC(CCC)CC)=O,11.6
978,CCCCCC(O)=O,11.2
979,CN(C)C1=NC(=O)N(C2CCCCC2)C(=O)N1C,21.6
980,CCCCCCOC(=O)C1=CC=CC=C1,51.2
981,C[C@H]1[C@@H](SC(=O)N1C(=O)NC2CCCCC2)C3=CC=C(Cl)C=C3,56.4
982,NS(=O)(=O)C1=CC2=C(NCNS2(=O)=O)C=C1Cl,-6.7
983,OC1=CC=C(O)C=C1,19.9
984,COC1=CC=C(OC)C=C1,19.2
985,CC(CCCC(C)(C)O)CC=O,28.7
986,CC(C)(O)C(=O)NC1=CC(=C(C=C1)[N+]([O-])=O)C(F)(F)F,29.8
987,CCC(C)OC(=O)N1CCCCC1CCO,13.4
988,CC(C)CCCCCCC1=CC=C(C=C1)OCCOCCO,2.8
989,ClC1=CC(Cl)=C(C=C1)C(CN2C=CN=C2)OCC=C,40.52732361
990,O=C1NC(=NC1(C(C)C)C)C2=C(C=CC(=C2)C)C(OC)=O,12.2
991,COCC1=CN=C(C2=NC(C)(C(C)C)C(=O)N2)C(=C1)C(O)=O,4.781540142
992,CC(C)C1(C)NC(=NC1=O)C2=NC=C(C)C=C2C(O)=O,12.5
994,CC(C)C1(C)N=C(NC1=O)C2=NC3=C(C=CC=C3)C=C2C(O)=O,14.5
995,CCC1=CN=C(C2=NC(C)(C(C)C)C(=O)N2)C(=C1)C(O)=O,8.2
997,N1C=CN=C1,3.6
998,OCN1C(NC(=O)NCNC(=O)NC2N(CO)C(=O)NC2=O)C(=O)NC1=O,20.5
999,[As]#[In],-16.2
1000,COC(=O)N(C(=O)N1CO[C@]2(CC3=C(C=CC(Cl)=C3)C2=N1)C(=O)OC)C4=CC=C(OC(F)(F)F)C=C4,37.9
1001,O[C@H]([C@H](CC1=CC=CC=C1)NC(=O)C2=CC3=CC(Cl)=CC=C3N2)C(=O)N4C[C@H](O)[C@H](O)C4,52.2
1002,[Na+].COC(=O)C1=C(C=C(I)C=C1)S(=O)(=O)[N-]C(=O)NC2=NC(OC)=NC(C)=N2,96.9
1003,CCC(CC1=C(I)C=C(I)C(N)=C1I)C(O)=O,102.5
1004,CC(C)C1CCC(CC2=CC=C(Cl)C=C2)C1(O)CN3C=NC=N3,-20.94502348
1005,CC(C)NC(=O)N1CC(=O)N(C1=O)C2=CC(Cl)=CC(Cl)=C2,99.24209985
1006,CCOP(=S)(OCC)OC1=NN(C(C)C)C(Cl)=N1,75.6
1007,CC1(C)[C@@H]2CC[C@@]1(C)[C@H](O)C2,-7.8
1008,CC(=O)O[C@H]1C[C@@H]2CC[C@@]1(C)C2(C)C,12.6
1009,O([C@H]1[C@]2(C(C(C1)CC2)(C)C)C)C(=O)CC,10.6
1010,COC1=CC(C=CC)=CC=C1O,88.8
1011,NNC(=O)C1=CC=NC=C1,76.8
1012,CC(C)CCCCCCCCCCCCCCC(=O)O,103.9
1013,CC(C)CCCCCOC(=O)C=C,19.9
1015,CC(C)CCOC(=O)C1=CC=CC=C1,34.52204268
1017,CC1=CC(=O)CC(C)(C)C1,26.14797136
1018,CCCN(CCC)C1=C(C=C(C=C1[N+]([O-])=O)C(C)C)[N+]([O-])=O,82.15626066
1019,CC(C)OC(C)=O,11.2
1020,CC(C)OC=O,13.0
1022,CCCCCCCCCCCCCC(=O)OC(C)C,7.8
1023,CC(C)C1=CC=C(C)C(O)=C1,80.5
1024,CCC(C)(CC)C1=NOC(NC(=O)C2=C(OC)C=CC=C2OC)=C1,79.6
1025,CS(=O)(=O)C1=C(C=CC(=C1)C(F)(F)F)C(=O)C2=C(ON=C2)C3CC3,68.1409764
1027,CO/N=C(/C(=O)OC)\C1=C(COC2=C(C)C=CC=C2)C=CC=C1,94.0
1028,OC[C@H](O)[C@H](O)[C@@H](O)[C@H](O)CO,5.197498856
1029,O[C@H]([C@@H](O)C(O)=O)C(O)=O,19.0
1031,CCOC(=O)C(C)OC(=O)C1=C(C=CC(OC2=C(Cl)C=C(C=C2)C(F)(F)F)=C1)[N+]([O-])=O,51.8
1032,[C@H]1(O[C@@H]2O[C@H](CO)[C@H](O)[C@H](O)[C@H]2O)[C@H](O)[C@@H](O)[C@H](O)O[C@@H]1CO,7.2
1033,CC1(C)[C@H](/C=C(\Cl)/C(F)(F)F)[C@@H]1C(=O)O[C@@H](C#N)C2=CC(OC3=CC=CC=C3)=CC=C2,57.4
1034,CCCCCCCCCCCCOC(=O)C1=CC(O)=C(O)C(O)=C1,79.44753242
1035,CC(C)=CCC[C@](C)(O)[C@H]1CCC(C)=CC1,41.0
1036,C12CC[C@@](O)(C#C)[C@@]1(CC)CCC3C4CCC(=O)C=C4CCC23,18.0
1037,CC(=C)C1CCC(C)=CC1,5.712964798
1038,CC(C)=CCCC(C)(O)C=C,13.0
1039,CC(C)=CCCC(C)(OC(C)=O)C=C,15.4
1040,CCCCC/C=C\C/C=C\CCCCCCCC(O)=O,74.5
1041,CON(C)C(=O)NC1=CC=C(Cl)C(Cl)=C1,60.2
1042,CC1=CC(O)=CC=C1,30.6
1043,CC1=CC(C)=CC=C1,34.2
1044,[Mg+2].[O-]C(=O)C1=CC=CC=C1.[O-]C(=O)C1=CC=CC=C1,25.0
1045,CCOC(=O)CC(SP(=S)(OC)OC)C(=O)OCC,75.0
1046,OC(=O)/C=C\C(O)=O,11.5
1047,O=C1NNC(=O)C=C1,11.9
1048,OC(CC(O)=O)C(O)=O,-18.7
1049,C(CNC(=S)[S-])NC(=S)[S-].C(CNC(=S)[S-])NC(=S)[S-].[Mn+2].[ZnH2+2],64.1
1050,[Mn+2].[S-]C(=S)NCCNC([S-])=S,37.4
1051,CCCCC(CC)COC(=O)C1=CC=CC=C1C(O)=O,99.0
1052,COC1=CC2=C(NC=C2CCNC(C)=O)C=C1,23.25688708
1053,CC(C)C1CCC(C)CC1O,14.39590596
1054,CC(C)OC1=CC=CC(NC(=O)C2=C(C)C=CC=C2)=C1,59.8
1056,CC[C@@H]([C@@H](CC)C1=CC=C(O)C=C1)C2=CC=C(O)C=C2,102.0
1057,CS(=O)(=O)C1=CC(=C(C=C1)C(=O)C2C(=O)CCCC2=O)[N+]([O-])=O,75.8
1059,COCC(=O)N(C(C)C(=O)OC)C1=C(C)C=CC=C1C,19.9
1060,[Na+].CNC([S-])=S,28.72365223
1061,SC(=S)NC.[Na].O,36.55879628
1062,CC1(C)CCC(CC2=CC=C(Cl)C=C2)C1(O)CN3C=NC=N3,31.7
1063,CC(=C)C(N)=O,9.2
1064,CC(=C)C#N,3.5
1065,Cl.CCC(=O)C(CC(C)N(C)C)(C1=CC=CC=C1)C2=CC=CC=C2,-4.6
1066,COP(N)(=O)SC,17.4
1067,N12C(N3C(N(C(N(C1([H])[H])C3([H])[H])([H])[H])C2([H])[H])([H])[H])([H])[H],21.7
1068,COC1=NN(CSP(=S)(OC)OC)C(=O)S1,73.9
1069,CN1C=CNC1=S,60.3
1070,CNC(=O)ON=C(C)SC,19.4
1071,COC1=CC=C(C=C1)C(C2=CC=C(OC)C=C2)C(Cl)(Cl)Cl,23.8
1072,COC1=CC=CC(C(=O)NN(C(=O)C2=CC(C)=CC(C)=C2)C(C)(C)C)=C1C,86.0
1073,COC(=O)C1=C(C)C=CC=C1,15.10844513
1074,COC(=O)C1=C(O)C(C)=C(O)C=C1C,96.9
1076,CCCCCCCCCC(=O)OC,20.2
1077,CCCCCC1C(CC(=O)OC)CCC1=O,20.9
1078,CCCCCCCCCCCC(=O)OC,32.1
1080,CCCCC/C=C\C/C=C\CCCCCCCC(=O)OC,85.21879589
1082,CCCCCCCC(=O)OC,15.7
1083,COP(=S)(OC)OC1=CC=C(C=C1)[N+]([O-])=O,92.6
1084,CN(C)C1=CC=C(C=C1)/N=N/C2=C(C=CC=C2)C(O)=O,109.1
1085,COC(=O)C1=C(O)C=CC=C1,33.2
1086,CC(=O)C=CC1=CC=CC=C1,27.3
1087,N#CSCSC#N,32.23201175
1088,[Cl-].CN(C)C1=CC2=[S+]C3=C(C=CC(=C3)N(C)C)N=C2C=C1,49.3
1089,COC1=CC=C(CC=C)C=C1OC,59.5
1090,CCC(=O)C=CC1C(=CCCC1(C)C)C,49.8
1091,COC(=O)C1=CC=C(O)C=C1,51.5
1093,CSC1=NN=C(C(=O)N1N)C(C)(C)C,10.7
1094,COC(=O)C=C(C)OP(=O)(OC)OC,13.65691376
1096,ClC12C3(Cl)C4(Cl)C5(Cl)C(Cl)(C1(Cl)C4(Cl)Cl)C2(Cl)C(Cl)(Cl)C35Cl,17.6
1097,[Na+].[Na+].CCCCC1=NC2=C(C=C1)[C@@H]([C@H]([C@@H]2C3=CC=C(OC)C=C3C[C@H](C)C([O-])=O)C([O-])=O)C4=CC5=C(OCO5)C=C4,69.3
1098,CCN1N=C(CC2=CC=CC=C2)C=C1C3CCN(C[C@H]4C[C@@H](C[C@@H]4C5=CC=CC(F)=C5)N(C)[C@H](C(C)C)C(O)=O)CC3,9.6
1099,OC(=O)CCC([O-])=O.CO[C@@H]1COCC[C@@H]1[NH2+][C@@H]2CC[C@](C2)(C(C)C)C(=O)N3CCC4=C(C3)C=C(C=N4)C(F)(F)F,20.9
1101,CCSC(=O)N1CCCCCC1,11.8
1102,ClC(Cl)C(=O)N1CCOC12CCCCC2,10.5
1103,OC(=O)C1=C(C=CC=C1)C(=O)OCC2=CC=CC=C2,70.69078615
1105,CNC(=O)/C=C(\C)/OP(=O)(OC)OC,8.0
1106,COC(=O)C1=C(C=CC=C1)C(O)=O,16.0
1107,[K+].OC(=O)C1=C(C=CC=C1)C([O-])=O,84.3
1108,CCCCCCCCCCCCCOP(O)(O)=O,104.9
1109,CN(C)C(=O)NC1=CC=C(Cl)C=C1,12.9
1110,C1COCCN1,-2.4
1111,CCCCC(CN1C=NC=N1)(C#N)C2=CC=C(Cl)C=C2,38.31732968
1113,CCC(=O)NC1=CC=C(Cl)C(Cl)=C1,58.0
1114,O=C1N(SC2CCCCC2)C(=O)C3=C1C=CC=C3,59.83259912
1115,FC(C(F)(F)F)C(F)(F)OC1=CC(Cl)=C(NC(=O)NC(=O)C2=C(F)C=CC=C2F)C=C1Cl,86.4
1117,CCCCNS(=O)(=O)C1=CC=C(C)C=C1,18.45559151
1118,CCCCNS(=O)(=O)C1=CC=CC=C1,17.8
1119,CCCCCCCCCCCC(=O)N(C)CC(O)=O,85.9
1120,CCNC1=CC(C)=CC=C1,13.29528335
1121,CCNS(=O)(=O)C(F)(F)C(F)(F)C(F)(F)C(F)(F)C(F)(F)C(F)(F)C(F)(F)C(F)(F)F,94.7
1122,CN1CCCC1=O,7.9
1123,CNC(C)=O,20.5
1127,CN(N=O)C(N)=O,0.8
1128,CCCN(CCC)N=O,8.9
1129,CCN(CC)N=O,7.3
1130,CN(C)N=O,-12.8
1131,O=NN(C1=CC=CC=C1)C2=CC=CC=C2,86.7
1132,O=NN1CCCC1,8.039673978
1133,NC1=CC=C(NC2=CC=CC=C2)C=C1,90.1
1134,[Cl-].CCCC[N+](C)(CCCC)CCCC,12.15457387
1135,CCN(CC)CCO,12.7
1137,CN(C)C(C)=O,18.58873578
1139,CN(C)C1=CC=CC=C1,26.00625244
1140,CCCCCCCCCC[N+](C)(C)[O-],9.3
1142,CCCCCCCC(=O)N(C)C,13.0
1144,ClC(Cl)(Cl)C(NC=O)N1CCN(CC1)C(NC=O)C(Cl)(Cl)Cl,-4.8
1145,CCCCNC(=S)NCCCC,20.0
1146,CCNC(=S)NCC,5.4
1148,C=CC(=O)NCNC(=O)C=C,50.3
1150,C1=CC2=CC=CC=C2C=C1,34.8
1151,COC1=CC(OC)=C(C=C1)S(=O)(=O)N2C(=O)[C@@](N3C[C@H](O)C[C@H]3C(=O)N(C)C)(C4=CC(Cl)=CC=C24)C5=CC=CC=C5OC,21.8
1152,OC(=O)C(CCC(C)C)(CC)C,38.0
1153,CC(C)=CCCC(C)=CCCC(C)(O)C=C,75.4
1154,NC(=O)C1=CC=CN=C1,0.420542883
1155,COC1=CC(OC)=NC(NC(=O)NS(=O)(=O)C2=NC=CC=C2C(=O)N(C)C)=N1,17.7
1156,OC(=O)C1=CC=CN=C1,9.9
1157,ClC1=CC=CC(=N1)C(Cl)(Cl)Cl,76.0
1158,OC(=O)CN(CC(O)=O)CC(O)=O,2.5
1159,[O-][N+](=O)C1=CC=CC=C1,56.1
1161,[O-][N+](=O)C1=CC=C(OC2=C(Cl)C=C(Cl)C=C2)C=C1,68.4
1163,CCCCCCCCC,3.2
1164,OC(=O)CCCCCCCC(O)=O,20.8
1165,CCCCCCCCC(O)=O,94.0
1166,CC(CC1=CC(O)=C(O)C=C1)C(C)CC2=CC=C(O)C(O)=C2,108.6
1167,C12CC[C@@](O)(C#C)[C@@]1(C)CCC3C4CCC(=O)C=C4CCC23,15.8
1168,CNC1=C(Cl)C(=O)N(N=C1)C2=CC=CC(=C2)C(F)(F)F,48.0
1170,CO[C@@H]1[C@@H](CC[C@]2(CO2)[C@H]1[C@@]3(C)O[C@@H]3CC=C(C)C)OC(=O)NC(=O)CCl,-19.68082884
1171,CC1=CC=CC=C1N=NC2=CC(C)=C(N)C=C2,111.0
1172,CC1=C(O)C=CC=C1,47.4
1174,ClC1=CC=C(C=C1)C(C2=CC=CC=C2Cl)C(Cl)(Cl)Cl,22.5
1175,CCCCCCCCOC1=CC(O)=C(C=C1)C(=O)C2=CC=CC=C2,92.7
1177,C[Si]1(C)O[Si](C)(C)O[Si](C)(C)O[Si](C)(C)O1,-1.3
1178,C[Si](C)(C)O[Si](C)(C)O[Si](C)(C)C,4.638518977
1179,CCCCCCCC=O,-4.9
1180,CCCCCCCC(O)=O,80.5
1181,CCCCCCCCN1SC=CC1=O,40.3
1182,CC(C)(C)CC(C)(C)C1=CC(N2N=C3C=CC=CC3=N2)=C(O)C=C1,49.2
1183,CCCCCCCCOC(C)=O,15.0
1185,CCCCCCCCCCOC(=O)C1=C(C=CC=C1)C(=O)OCCCCCCCC,28.0
1187,CCCCCCCCOC(=O)C1=CC=C(O)C=C1,96.7
1188,CCCCCCCC/C=C\CCCCCCCC(O)=O,98.2
1191,OC(=O)C(O)=O,18.5
1192,CNC(=O)ON=C(SC)C(=O)N(C)C,23.9
1193,OC1N=C(C2=CC=CC=C2)C3=CC(Cl)=CC=C3NC1=O,23.5
1194,CCOC1=CC(OC2=CC=C(C=C2Cl)C(F)(F)F)=CC=C1[N+]([O-])=O,59.8
1195,Cl.COC1=CC=C(N)C=C1,19.36512646
1197,CC1=CC=C(O)C=C1,20.40143369
1199,ClC(Cl)C(C1=CC=C(Cl)C=C1)C2=CC=C(Cl)C=C2,19.9
1200,ClC(=C(C1=CC=C(Cl)C=C1)C2=CC=C(Cl)C=C2)Cl,23.8
1201,CC(C)(C)[C@@H](O)[C@@H](CC1=CC=C(Cl)C=C1)N2C=NC=N2,30.4
1202,CCOP(=O)(OCC)OC1=CC=C(C=C1)[N+]([O-])=O,98.8
1203,CCOP(=S)(OCC)OC1=CC=C(C=C1)[N+]([O-])=O,84.1
1204,CCCCN(CC)C(=O)SCCC,2.28283676
1205,CCC(CC)NC1=C(C=C(C)C(C)=C1[N+]([O-])=O)[N+]([O-])=O,105.0
1206,COC1=CN=C(OC)N2N=C(NS(=O)(=O)C3=C(C=CC=C3OCC(F)F)C(F)(F)F)N=C12,26.5
1207,[O-][N+](=O)C1=C(Cl)C(Cl)=C(Cl)C(Cl)=C1Cl,69.7
1209,CCCCCCCCCCCCCCC,4.7
1212,[O-][N+](=O)OCC(CO[N+]([O-])=O)(CO[N+]([O-])=O)CO[N+]([O-])=O,-0.8
1213,CCCCC=O,1.2
1214,O=C(OCCCCCOC(=O)C1=CC=CC=C1)C2=CC=CC=C2,16.3
1215,CCCCC(O)=O,26.3
1216,CCCCCOC(C)=O,38.3
1217,CC1CCC2(CC1)C(CO2)C.CC1CCC(C(C1)O)C(C)C.CC1CCC(C(C1)OC(=O)C)C(C)C.CC1CCC(C(=O)C1)C(C)C.CC1CCC2=C(C1)OC=C2C.CC1CCC(=C(C)C)C(=O)C1,37.8
1218,OC(=O)C(F)(F)C(F)(F)C(F)(F)C(F)(F)C(F)(F)C(F)(F)C(F)(F)C(F)(F)C(F)(F)F,102.9
1219,OC(=O)C(F)(F)C(F)(F)C(F)(F)C(F)(F)C(F)(F)C(F)(F)F,102.2
1220,OC(=O)C(F)(F)C(F)(F)C(F)(F)C(F)(F)C(F)(F)F,96.4
1221,OC(=O)C(F)(F)C(F)(F)C(F)(F)C(F)(F)C(F)(F)C(F)(F)C(F)(F)C(F)(F)F,104.7
1222,NS(=O)(=O)C(F)(F)C(F)(F)C(F)(F)C(F)(F)C(F)(F)C(F)(F)C(F)(F)C(F)(F)F,103.1
1223,OS(=O)(=O)C(F)(F)C(F)(F)C(F)(F)C(F)(F)C(F)(F)C(F)(F)C(F)(F)C(F)(F)F,104.9
1224,OC(=O)C(F)(F)C(F)(F)C(F)(F)C(F)(F)C(F)(F)C(F)(F)C(F)(F)F,103.5
1225,OC(=O)C(F)(F)C(F)(F)C(F)(F)C(F)(F)C(F)(F)C(F)(F)C(F)(F)C(F)(F)C(F)(F)C(F)(F)F,101.4
1226,CC1(C)C(C=C(Cl)Cl)C1C(=O)OCC2=CC(OC3=CC=CC=C3)=CC=C2,30.4
1228,CC1=C2N=C(C3=CC=CC=C3Cl)C4=C(NC2=NN1)C=CC(=C4)[N+]([O-])=O,89.9090277
1229,[Na+].COC1=CC=C(/C=C/S(=O)(=O)[N-]C(=O)C2=CC=C(C)C=C2Cl)C=C1,88.8
1230,[Na+].FC1=CC=C(C(=O)[N-]S(=O)(=O)/C=C/C2=CC=CC=C2)C(Cl)=C1,92.73029214
1232,COC(=O)NC1=CC(OC(=O)NC2=CC=CC(C)=C2)=CC=C1,40.7
1233,[Na+].O=C1NC([O-])=NC(=O)C1(CC)C2=CC=CC=C2,7.1
1234,OC1=CC=CC=C1,11.1
1235,OC1=CC=C(C=C1)C2(OS(=O)(=O)C3=C2C=CC=C3)C4=CC=C(O)C=C4,103.1
1236,OC1=CC=C(C=C1)C2(OC(=O)C3=C2C=CC=C3)C4=CC=C(O)C=C4,100.2
1237,OC(=O)C1=C(C=CC=C1)C(C2=CC=C(O)C=C2)C3=CC=C(O)C=C3,97.3
1238,S(O)(=O)(=O)C=1C(O)=CC=CC1,19.1
1241,ClP(Cl)C1=CC=CC=C1,11.2
1242,OC1=C(C=CC=C1)C(=O)OC2=CC=CC=C2,96.0
1243,O=CCC1=CC=CC=C1,55.8
1244,CC(=O)O[Hg]C1=CC=CC=C1,4.2
1245,OC1=CC=C(C=C1)C(=O)OC2=CC=CC=C2,105.3
1246,CCOP(=S)(OCC)SCSCC,79.7
1247,CCOP(=S)(OCC)SCN1C(=O)OC2=CC(Cl)=CC=C12,40.2
1248,COP(=S)(OC)SCN1C(=O)C2=C(C=CC=C2)C1=O,55.7
1249,OP(O)(O)=O,14.6
1250,CCOP(=S)(OCC)ON=C(C#N)C1=CC=CC=C1,99.2
1251,O=C1NC(=O)C2=C1C=CC=C2,15.9
1252,NC1=C(Cl)C(Cl)=NC(C(O)=O)=C1Cl,55.1
1253,Cl.S1C(CC2=CC=C(OCCC3=NC=C(CC)C=C3)C=C2)C(=O)NC1=O,88.7
1256,CS(=O)(=O)C1=CC=C(C=C1Cl)[C@@H](C[C@H]2CCC(=O)C2)C(=O)NC3=NC=CN=C3,8.9
1257,CN(C)C(=O)OC1=C(C)C(C)=NC(=N1)N(C)C,23.3
1259,O1C(C1)C.O1CC1,13.7
1260,CCCCCCCC/C=C\CCCCCCCC(=O)OCCO,53.8
1261,[Si](=O)(C)C,77.8
1262,O(C(CO)C)CC(O)C,8.9
1263,[K+].CCCCC(CC)C([O-])=O,22.60326922
1265,[K+].[O-]Cl(=O)=O,4.8
1267,[K+].[O-]S(=O)(=O)C(F)(F)C(F)(F)C(F)(F)C(F)(F)F,99.4
1268,[K+].[O-]S(=O)(=O)C(F)(F)C(F)(F)C(F)(F)C(F)(F)C(F)(F)C(F)(F)F,102.4
1269,[K+].[O-]S(=O)(=O)C(F)(F)C(F)(F)C(F)(F)C(F)(F)C(F)(F)C(F)(F)C(F)(F)C(F)(F)F,104.3
1270,[Na+].CC[C@H](C)C(=O)O[C@H]1C[C@H](O)C=C2C=C[C@H](C)[C@H](CC[C@@H](O)C[C@@H](O)CC([O-])=O)[C@@H]12,1.1
1271,C[C@]12CC(=O)[C@H]3[C@@H](CCC4=CC(=O)C=C[C@]34C)[C@@H]1CC[C@]2(O)C(=O)CO,102.5733648
1272,C12C[C@@H](C#N)[C@H](C(C)=O)[C@@]1(C)CCC3C2CC=C4C[C@@H](O)CC[C@]34C,-24.9
1274,CC12CC1(C)C(=O)N(C2=O)C3=CC(Cl)=CC(Cl)=C3,54.3
1275,CCCN(CCC)C1=C(C(N)=C(C=C1[N+]([O-])=O)C(F)(F)F)[N+]([O-])=O,106.5983528
1276,CCCSP(=O)(OCC)OC1=C(Cl)C=C(Br)C=C1,97.1
1277,C12CC[C@H](C(C)=O)[C@@]1(C)CCC3C2CCC4=CC(=O)CC[C@]34C,16.5
1279,CC(C)N(C(=O)CCl)C1=CC=CC=C1,13.39382036
1280,Cl.CCCOC(=O)NCCCN(C)C,19.7
1281,CC(C)(C)C1=CC=C(OC2CCCCC2OS(=O)OCC#C)C=C1,50.1
1282,CCNP(=S)(OC)O/C(/C)=C/C(=O)OC(C)C,74.6
1284,CC(C)C1=CC=CC(C(C)C)=C1O,65.9
1285,CNC(=O)OC1=CC=CC=C1OC(C)C,15.2
1286,[Na+].CCCOC1=NN(C(=O)[N-]S(=O)(=O)C2=C(C=CC=C2)C(=O)OC)C(=O)N1C,52.288918
1288,CC1COC(=O)O1,11.4
1289,CCCOC(=O)C1=CC=C(O)C=C1,96.8
1290,CC(C)(NC(=O)C1=CC(Cl)=CC(Cl)=C1)C#C,64.8
1291,CC1=NNC(=O)N(C1)/N=C/C2=CC=CN=C2,3.1
1293,OC(=O)C1=NN(C(=O)C1)C2=CC=C(C=C2)S(O)(=O)=O,36.9
1295,Cl.CC1=NC=C(CO)C(CO)=C1O,-2.283661556
1296,CCC1=NC(N)=NC(N)=C1C2=CC=C(Cl)C=C2,43.6
1298,CC(COC1=CC=C(OC2=CC=CC=C2)C=C1)OC3=NC=CC=C3,44.7
1299,[Na+].COC1=CC(OC)=NC(SC2=C(C([O-])=O)C(Cl)=CC=C2)=N1,66.3
1300,OC(=O)C1=C(Cl)C=CC2=CC(Cl)=CN=C12,18.7
1301,C1=CC2=C(C=C1)N=CC=C2,34.3
1303,CC(=C)[C@@H]1CC=C(C)C(=O)C1,24.0
1304,Cl.O1C=2C(=C(C3=C1C=C(NCC)C(=C3)C)C=4C(=CC=CC4)C(OCC)=O)C=C(\C(=N\CC)\C2)C,91.8
1305,O=C(CCCCCCCCC1=CN=CC=C1)N2CCC(CC2)C=C(C3=CC=CC=C3)C4=CC=CC=C4,-38.3
1306,CN1C(COC(N)=O)=NC=C1[N+]([O-])=O,9.7
1308,CC(C)NC1=NC(Cl)=NC(N)=N1,15.8
1309,O=C1NS(=O)(=O)C2=C1C=CC=C2,40.89736016
1310,C=CCC1=CC=C2OCOC2=C1,26.10752688
1312,OC(=O)C1=C(O)C=CC=C1,55.9
1313,Cl.CCOC(=O)C1=CC=C(C=C1)[C@H]2CC[C@@H](CC2)NC[C@H](O)COC3=CC=C(O)C(NS(C)(=O)=O)=C3,61.4
1314,Cl.CC1=NC(=NO1)C2=CC3=C(CCN(CCC4CCC(CC4)NC(=O)/C=C/C5=CC=C(F)C=C5)CC3)C=C2,-24.0
1315,S(C(CC1CC(O)=C(C(=O)C1)\C(=N\OCC)\CCC)C)CC,55.5
1317,CCNC1=NC(NCC)=NC(Cl)=N1,0.686404478
1318,S=C1N([O-])C=CC=C1.[Na+],3.5
1320,[Na+].CC(C)COC(=O)CC(C(=O)OCC(C)C)S([O-])(=O)=O,66.3
1322,[Na+].[S-]C1=NC2=CC=CC=C2S1,96.3
1323,[Na+].CC1=CC=CC=C1S([O-])(=O)=O,10.8
1326,[Na+].CC1=CC=C(C)C(=C1)S([O-])(=O)=O,34.7
1327,CC1=CC=C(S(=O)(=O)[O-])C=C1.[Na+],16.6
1328,[Na+].[O-]C1=CC=C(C=C1)[N+]([O-])=O,97.1758665
1329,[Na+].CCCCCCCCC1=CC=C(C=C1)S([O-])(=O)=O,101.3
1330,[Na+].[N-]=[N+]=[N-],6.3
1331,[Na+].[O-]Cl=O,6.0
1332,[Na+].[O-]C(=O)CCl,9.3
1333,[Na+].CCCCCCCCCCOS([O-])(=O)=O,98.9
1334,[Na+].O1C(=CC(=O)/C(=C(/[O-])\C)/C1=O)C,41.7
1335,ClN1C(=O)N(Cl)C(=O)N=C1[O-].[Na+],13.8
1336,ClN1C(=O)N(Cl)C(=O)N=C1[O-].[Na+].O.O,15.9
1337,[Na+].CN(C)C([S-])=S,50.3
1338,[Na+].CCCCCCCCCCCCOS([O-])(=O)=O,102.3
1339,S([O-])(=O)(=O)C=1C(CCCCCCCCCCCC)=CC=CC1.[Na+],102.5
1340,[Na+].CCCCC(CC)COS([O-])(=O)=O,81.3
1341,[Na+].[O-]C(=O)CF,8.1
1342,[Na+].CCCCCCCCCCCCCCCCOS([O-])(=O)=O,78.0
1343,[Na+].[I-],9.5
1344,[Na+].CC1=CC=C(C(C)=C1)S([O-])(=O)=O,27.8
1345,[Na+].CC(=C)C([O-])=O,2.4
1346,[Na+].COS([O-])(=O)=O,11.3
1347,[Na+].CCCCCCCCCCCCCCOS([O-])(=O)=O,98.8
1348,[Na+].CCCCCCCCCOS([O-])(=O)=O,94.58724751
1351,O.[Na+].O=C1[N-]S(=O)(=O)C2=CC=CC=C12,37.2942923
1352,[Na+].F[B-](F)(F)F,8.5
1353,[Na+].[O-]C(=O)C(Cl)(Cl)Cl,0.3
1354,[Na+].CCCCCCCCCCCCCOS([O-])(=O)=O,104.5
1356,S([O-])(=O)(=O)C1=CC(=C(C=C1)C)C.[Na+],19.4
1357,CCCCCCCC/C=C\CCCCCCCC(=O)OC[C@@H](O)[C@H]1OC[C@H](O)[C@H]1O,55.54733467
1358,CCC(C)(C)C(=O)OC1=C(C(=O)OC12CCCCC2)C3=CC=C(Cl)C=C3Cl,42.6
1359,CC1=CC(C)=C(C2=C(OC(=O)CC(C)(C)C)C3(CCCC3)OC2=O)C(C)=C1,51.05135721
1360,C12CC[C@@]3(CCC(=O)O3)[C@@]1(C)CCC4C2[C@@H](CC5=CC(=O)CC[C@]45C)SC(C)=O,-5.9
1361,CCCN(CC)CC1COC2(CCC(CC2)C(C)(C)C)O1,16.4
1362,C1CN2CCC1C(C2)C(C3=CC=CC=C3)NC(=O)C4=C(C=CC(=C4Cl)C(F)(F)F)Cl.Cl,-45.0
1365,ClC1=C(C(=O)N[C@H]([C@H]2NCCCC2)C3=CC=CC=C3)C=CC=C1C(F)(F)F,4.4
1366,COC1=CC2=C(C(=O)N(COC3=CC(=O)N4C=CC=C(OCCN5CCCCC5)C4=N3)S2(=O)=O)C(=C1)C(C)C,22.0
1368,OCC(O)C1=CC=CC=C1,8.5
1369,C1OC1C2=CC=CC=C2,18.24331466
1370,OC[C@H]1O[C@@](CO)(O[C@H]2O[C@H](CO)[C@@H](O)[C@H](O)[C@H]2O)[C@@H](O)[C@@H]1O,8.1
1372,NS(O)(=O)=O,47.5
1373,OC(=O)C1=CC(=CC=C1O)N=NC2=CC=C(C=C2)S(=O)(=O)NC3=NC=CC=C3,109.3334172
1374,CC1=NN(C(=O)N1C(F)F)C2=CC(NS(C)(=O)=O)=C(Cl)C=C2Cl,79.39662771
1375,OC(=O)CC(C(O)=O)S(O)(=O)=O,5.8
1376,COC1=C(C=C(C(=O)C2=CC=CC=C2)C(O)=C1)S(O)(=O)=O,81.2
1378,ClN1C(=O)N(Cl)C(=O)N(Cl)C1=O,27.1
1379,C1=C(C=C(C(=C1O)O)O)C(=O)OC2=CC(=CC(=C2O)O)C(=O)OCC3C(C(C(C(O3)OC(=O)C4=CC(=C(C(=C4)OC(=O)C5=CC(=C(C(=C5)O)O)O)O)O)OC(=O)C6=CC(=C(C(=C6)OC(=O)C7=CC(=C(C(=C7)O)O)O)O)O)OC(=O)C8=CC(=C(C(=C8)OC(=O)C9=CC(=C(C(=C9)O)O)O)O)O)OC(=O)C%10=CC(=C(C(=C%10)OC(=O)C%11=CC(=C(C(=C%11)O)O)O)O)O,94.0
1380,CC(C)(C)C(O)(CCC1=CC=C(Cl)C=C1)CN2C=NC=N2,25.5
1381,CCC1=NN(C)C(C(=O)NCC2=CC=C(C=C2)C(C)(C)C)=C1Cl,24.5
1382,CCOP(=S)(OC(C)C)OC1=CN=C(N=C1)C(C)(C)C,46.68704712
1384,CC1=C(F)C(F)=C(COC(=O)C2C(/C=C(\Cl)/C(F)(F)F)C2(C)C)C(F)=C1F,23.83603647
1385,COP(=S)(OC)OC1=CC=C(SC2=CC=C(OP(=S)(OC)OC)C=C2)C=C1,101.6
1386,CCC(=NOC/C=C/Cl)C1=C(O)CC(CC1=O)C2CCOCC2,12.4
1387,CC1=C(Cl)C(=O)N(C(=O)N1)C(C)(C)C,14.6
1388,CCOP(=S)(OCC)SCSC(C)(C)C,75.3
1389,CCNC1=NC(NC(C)(C)C)=NC(Cl)=N1,61.0
1391,CC1=CCC(CC1)C(C)(C)O,3.6
1392,CC(C)=C1CCC(C)=CC1,19.0
1393,CCC(=O)OC(C)(C)C1CCC(C)=CC1,11.6
1394,CC(=O)OC(C)(C)C,-0.7
1395,CC(C)(C)OOC(=O)C1=CC=CC=C1,21.4
1397,CC(C)(C)N,9.9
1398,CC(C)(C)C1=CC=CC=C1,-1.2
1400,CCCCCCC(C)(C)S,11.2
1401,CCC(=O)O[C@H]1CC[C@H]2[C@@H]3CCC4=CC(=O)CC[C@]4(C)[C@H]3CC[C@]12C,31.3
1402,OC(=O)CC1=CC(I)=C(OC2=CC(I)=C(O)C(I)=C2)C(I)=C1,105.0
1404,FC(F)C(F)(F)OCC(CN1C=NC=N1)C2=C(Cl)C=C(Cl)C=C2,72.3
1407,CCN(CC)C(=S)SSC(=S)N(CC)CC,55.2
1408,OCC1CCCO1,7.8
1409,C1CCC2=C(C1)C=CC=C2,8.9
1410,CC(C)=CC1C(C(=O)OCN2C(=O)C3=C(CCCC3)C2=O)C1(C)C,28.1
1411,CCCO[Si](OCCC)(OCCC)OCCC,10.3
1412,O=C1N(C2CCC(=O)NC2=O)C(=O)C3=CC=CC=C13,-9.0
1413,CN1C2=C(NC=N2)C(=O)N(C)C1=O,9.4
1414,N1C2=C(C=CC=C2)N=C1C3=CSC=N3,21.8
1416,CN1COCN(CC2=CN=C(Cl)S2)C1=N[N+]([O-])=O,1.0
1417,COC(=O)C1=C(CC(C)C)C(C2=NCCS2)=C(N=C1C(F)F)C(F)(F)F,26.2
1418,O=C(NC1=CN=NS1)NC2=CC=CC=C2,46.3
1420,CCN(CC)C(=O)SCC1=CC=C(Cl)C=C1,40.6
1421,NNC(=S)NN,34.1
1422,CSC(C)=NOC(=O)N(C)SN(C)C(=O)ON=C(C)SC,67.1
1423,OC(=O)CS,9.517613766
1424,CCOC(=O)NC(=S)NC1=C(NC(=S)NC(=O)OCC)C=CC=C1,36.9
1425,COC(=O)NC(=S)NC1=C(NC(=S)NC(=O)OC)C=CC=C1,48.3
1426,NC(N)=S,23.12943292
1427,CC1=C(OCCCC(O)=O)C=CC(Cl)=C1,99.3
1428,CC(C)C1=CC=C(C)C=C1O,59.3
1429,OC(=O)CC1=CC(I)=C(OC2=CC(I)=C(O)C=C2)C(I)=C1,105.0
1430,CC1=CC=C(C=C1)S(=O)(=O)NC(=O)NN2CCCCCC2,12.8
1431,N=1NN=C2C1C(=CC=C2)C,44.2
1432,CC1CC(C)(C)C2=C(C=C(C)C(=C2)C(C)=O)C1(C)C,29.1
1433,S(=O)(=O)(C1=C(C(=C(C=C1)C(=O)C=2C(=O)N(NC2)C)C)C3=NOCC3)C,7.5
1435,NC(=O)CN1C(=O)C=C(CCN2CCN(CC2)C3=NC=CC4=C3C=CS4)C5=C1C=C(F)C=C5,-4.2
1436,CC(C)N(C(C)C)C(=O)SCC(Cl)=C(Cl)Cl,46.64050726
1437,CCCCCCCCOC(=O)C1=CC=C(C(=O)OCCCCCCCC)C(=C1)C(=O)OCCCCCCCC,3.3
1438,CC(=O)OCC(COC(C)=O)OC(C)=O,4.2
1439,CC(C)(C)C(=O)C(OC1=CC=C(Cl)C=C1)N2C=NC=N2,4.7
1440,CC(C)(C)C(O)C(OC1=CC=C(Cl)C=C1)N2C=NC=N2,10.4
1442,C12C[C@@H](O)[C@](O)(C(=O)CO)[C@@]1(C)C[C@H](O)[C@@]3(F)C2CCC4=CC(=O)C=C[C@]34C,2.0
1443,CCCCSP(=O)(SCCCC)SCCCC,51.2
1444,CCCCOP(=O)(OCCCC)OCCCC,1.5
1445,CCCCN(CCCC)CCCC,38.5
1446,COP(=O)(OC)C(O)C(Cl)(Cl)Cl,20.8
1447,OC(=O)C(Cl)(Cl)Cl,-0.9
1448,OC(=O)COC1=C(Cl)C=C(Cl)C(Cl)=N1,93.9
1449,CCCCOCCOC(=O)COC1=C(Cl)C=C(Cl)C(Cl)=N1,51.77982751
1450,OC1=C(OC2=CC=C(Cl)C=C2Cl)C=CC(Cl)=C1,106.0
1451,OCCN(CCO)CCO,5.9
1452,CCO[Si](C)(OCC)OCC,25.7819104
1455,CCOC(=O)CC(O)(CC(=O)OCC)C(=O)OCC,14.7
1456,CCOP(=O)(OCC)OCC,6.6
1457,OCCOCCOCCO,6.3
1458,CCCCC(CC)C(=O)OCCOCCOCCOC(=O)C(CC)CCCC,7.4
1459,CC(=O)OCCOCCOCCOC(C)=O,12.6
1460,COCCOCCOCCOC,1.544071021
1461,CO/N=C(/C(=O)OC)\C1=CC=CC=C1CO/N=C(\C)/C2=CC(=CC=C2)C(F)(F)F,65.4
1462,[Na+].COC1=CC(OC)=NC(NC(=O)[N-]S(=O)(=O)C2=NC=CC=C2OCC(F)(F)F)=N1,30.5
1463,CCCOC/C(=N\C1=C(C=C(Cl)C=C1)C(F)(F)F)/N2C=CN=C2,94.9
1464,CCCN(CCC)C1=C(C=C(C=C1[N+]([O-])=O)C(F)(F)F)[N+]([O-])=O,89.2
1465,CC(C)CCCCCCCOC(=O)C1=CC(=C(C=C1)C(=O)OCCCCCCCC(C)C)C(=O)OCCCCCCCC(C)C,43.0
1466,CC(C)CCCCCCOC(=O)C1=CC(=C(C=C1)C(=O)OCCCCCCC(C)C)C(=O)OCCCCCCC(C)C,3.2
1467,OC(=O)C1=CC=C2C(=O)OC(=O)C2=C1,5.072413793
1468,CO[Si](OC)(OC)C1=CC=CC=C1,23.4
1469,CCC[Si](OC)(OC)OC,13.5
1470,COP(=O)(OC)OC,3.9
1471,CN(C)C,1.6
1472,CCOC(=O)C1CC(=O)C(=C(O)C2CC2)C(=O)C1,14.8
1473,O=P(OC1=CC=CC=C1)(OC2=CC=CC=C2)OC3=CC=CC=C3,79.5
1474,O(P(OC1=CC=CC=C1)OC2=CC=CC=C2)C3=CC=CC=C3,26.9
1476,C1=CC=C(C=C1)P(C2=CC=CC=C2)C3=CC=CC=C3,17.6
1477,O(C(COC(CO)C)C)CC(O)C,13.4
1479,CC(CO)OCC(C)OCC(C)OC,96.7
1480,ClCC(CCl)OP(=O)(OC(CCl)CCl)OC(CCl)CCl,-4.5
1481,CCCCOCCOP(=O)(OCCOCCCC)OCCOCCCC,28.5
1482,ClCCOP(=O)(OCCCl)OCCCl,-17.6
1483,ClCCOP(OCCCl)OCCCl,6.1
1484,CC(CCl)OP(=O)(OC(C)CCl)OC(C)CCl,14.5
1485,CCCCC(CC)COC(=O)C1=CC=C(C(=O)OCC(CC)CCCC)C(=C1)C(=O)OCC(CC)CCCC,34.43591963
1487,BrCC(Br)COP(=O)(OCC(Br)CBr)OCC(Br)CBr,21.4
1488,O=C1N(CC2CO2)C(=O)N(CC3CO3)C(=O)N1CC4CO4,6.3
1489,P(OC=1C(=CC=CC1)C)(OC=2C(=CC=CC2)C)(OC=3C(=CC=CC3)C)=O,63.7
1490,CC1(C)CCC(=CC2=CC=C(Cl)C=C2)C1(O)CN3C=NC=N3,15.9
1491,CC1=C(O)C(C)=C2CCC(C)(COC3=CC=C(CC4SC(=O)NC4=O)C=C3)OC2=C1C,99.0
1493,COCC1=NN=C(N1C2=C(Cl)C(Cl)=CC3=C2NC(=O)C(=O)N3)C4=C[N+]([O-])=CC=C4,-0.8
1494,S(=O)(=O)(N1CCN(CC1)CC)C2=CC(=C(OCCC)C=C2)C=3NC(=O)C4=NN(C(=C4N3)CC)CC=5N=CC=CC5,18.8
1495,CSC1=CC=C(OC2=CC=C(C=C2CN(C)C)S(N)(=O)=O)C=C1C,15.4
1496,CCCCCCCCCCC,4.9
1498,CCOC(N)=O,26.9
1499,CCCC(CCC)C(O)=O,5.521064942
1501,CCCSC(=O)N(CCC)CCC,10.38817246
1503,C=CN1CCCC1=O,-17.6
1504,COC1=C(OC)C(=CC=C1)[C@H](O)C2CCN(CCC3=CC=C(F)C=C3)CC2,-16.9
1505,CC(=O)CC(C1=CC=CC=C1)C2=C(O)C3=CC=CC=C3OC2=O,93.2
1506,FC1(F)/C(=C\C(=O)N2CCC(N3CCCCC3)CC2)/C=4C(N(CC1)C(=O)C5=CC=C(NC(=O)C6=C(OC=C6)C)C=C5)=CC=CC4.FC1(F)/C(=C\C(=O)N2CCC(N3CCCCC3)CC2)/C=4C(N(CC1)C(=O)C5=CC=C(NC(=O)C6=C(OC=C6)C)C=C5)=CC=CC4.OC(=O)/C=C/C(O)=O,-3.819957328
1508,C[C@H]1CCCC(=O)CCC/C=C/C2=C(C(O)=CC(O)=C2)C(=O)O1,28.1
1509,OC(=O)CN1C(=O)N(CC2=CC=C(Br)C=C2F)C(=O)C3=C1C=C(Cl)C=C3,59.0
1511,[ZnH2+2].CN(C)C([S-])=S.CN(C)C([S-])=S,29.9
